,mvaOutput_2lss_ttV,mvaOutput_2lss_ttbar,vor_point,vor_label
0,-0.6338134408,-0.640579819679,0,18.0
1,-0.662927806377,-0.538889825344,1,112.0
2,-0.614516675472,-0.562869250774,2,115.0
3,-0.660048186779,-0.48646903038,3,44.0
4,-0.679609358311,-0.464392900467,4,89.0
5,-0.486523449421,-0.573559403419,5,116.0
6,-0.487903803587,-0.561474323273,6,170.0
7,-0.544854700565,-0.498661905527,7,56.0
8,-0.619176506996,-0.416360110044,8,132.0
9,-0.441180109978,-0.560850560665,9,143.0
10,-0.420048445463,-0.558243513107,10,154.0
11,-0.548910677433,-0.424303084612,11,133.0
12,-0.594684481621,-0.370574146509,12,101.0
13,-0.537488400936,-0.419598281384,13,157.0
14,-0.547011733055,-0.401602238417,14,125.0
15,-0.441153079271,-0.505319833755,15,50.0
16,-0.543914198875,-0.392207443714,16,57.0
17,-0.431590884924,-0.488539755344,17,95.0
18,-0.418558359146,-0.498404681683,18,41.0
19,-0.550313174725,-0.344585061073,19,96.0
20,-0.525755107403,-0.362195163965,20,95.0
21,-0.506369292736,-0.372036516666,21,85.0
22,-0.374921470881,-0.488901376724,22,177.0
23,-0.429436832666,-0.434194147587,23,66.0
24,-0.395771622658,-0.45963254571,24,36.0
25,-0.298833161592,-0.543870806694,25,108.0
26,-0.591494739056,-0.246659129858,26,54.0
27,-0.685224533081,-0.151594877243,27,38.0
28,-0.608072698116,-0.227489799261,28,164.0
29,-0.455136239529,-0.378384321928,29,21.0
30,-0.573952555656,-0.257229864597,30,152.0
31,-0.430131196976,-0.394358456135,31,14.0
32,-0.412288457155,-0.400348067284,32,74.0
33,-0.308866322041,-0.499559819698,33,172.0
34,-0.449358791113,-0.330692052841,34,77.0
35,-0.531022846699,-0.240639925003,35,103.0
36,-0.477787792683,-0.278778672218,36,52.0
37,-0.535026609898,-0.215636283159,37,141.0
38,-0.322764545679,-0.427462249994,38,163.0
39,-0.240048229694,-0.510115921497,39,54.0
40,-0.391045480967,-0.356644779444,40,121.0
41,-0.253309160471,-0.492125421762,41,136.0
42,-0.487548023462,-0.256791800261,42,61.0
43,-0.295603752136,-0.446996301413,43,76.0
44,-0.259377121925,-0.480708748102,44,0.0
45,-0.383218824863,-0.343681454659,45,26.0
46,-0.253019452095,-0.468410074711,46,129.0
47,-0.468790352345,-0.251731663942,47,181.0
48,-0.326974481344,-0.388574540615,48,15.0
49,-0.64592987299,-0.067526191473,49,96.0
50,-0.198649540544,-0.504070281982,50,41.0
51,-0.380716741085,-0.31813248992,51,126.0
52,-0.300647646189,-0.396070599556,52,29.0
53,-0.345219790936,-0.3501701653,53,105.0
54,-0.323943972588,-0.370544523001,54,134.0
55,-0.218902230263,-0.471662044525,55,0.0
56,-0.411189228296,-0.276953488588,56,59.0
57,-0.355493813753,-0.331866323948,57,136.0
58,-0.349958986044,-0.336174845695,58,151.0
59,-0.273249059916,-0.407596558332,59,142.0
60,-0.419465303421,-0.25821596384,60,108.0
61,-0.710603713989,0.0459646172822,61,61.0
62,-0.29036834836,-0.372252523899,62,79.0
63,-0.663445949554,0.00160417275038,63,61.0
64,-0.214368283749,-0.439683794975,64,47.0
65,-0.33436819911,-0.318314820528,65,152.0
66,-0.474617779255,-0.177542582154,66,62.0
67,-0.104777574539,-0.545081734657,67,27.0
68,-0.49688231945,-0.152292564511,68,42.0
69,-0.440282642841,-0.208388820291,69,37.0
70,-0.452509611845,-0.191761389375,70,54.0
71,-0.216721057892,-0.42150914669,71,133.0
72,-0.655566573143,0.0191628448665,72,23.0
73,-0.218418881297,-0.414936900139,73,153.0
74,-0.359382271767,-0.273182094097,74,167.0
75,-0.221120685339,-0.411369174719,75,89.0
76,-0.23000305891,-0.398452073336,76,35.0
77,-0.335874557495,-0.28979575634,77,70.0
78,-0.101905353367,-0.514474034309,78,160.0
79,-0.604211449623,-0.00713490182534,79,74.0
80,-0.244135558605,-0.364517778158,80,38.0
81,-0.261954218149,-0.343580394983,81,70.0
82,-0.143675670028,-0.456156045198,82,40.0
83,-0.514572203159,-0.0832122117281,83,50.0
84,-0.202112197876,-0.393965154886,84,52.0
85,-0.0823133289814,-0.511376976967,85,65.0
86,-0.242282390594,-0.343616425991,86,59.0
87,-0.3157723248,-0.268764317036,87,0.0
88,-0.194566443563,-0.389238864183,88,178.0
89,-0.411043733358,-0.172352939844,89,3.0
90,-0.264883935452,-0.314525663853,90,165.0
91,-0.311010122299,-0.26432004571,91,180.0
92,-0.376944810152,-0.19473426044,92,29.0
93,-0.223108202219,-0.347594350576,93,45.0
94,-0.436315834522,-0.134214550257,94,57.0
95,-0.500758469105,-0.0697461292148,95,83.0
96,-0.0642329752445,-0.505135416985,96,41.0
97,-0.573797345161,0.00494608981535,97,109.0
98,-0.307424515486,-0.257116883993,98,82.0
99,-0.437923640013,-0.122283697128,99,158.0
100,-0.332968831062,-0.225338533521,100,0.0
101,-0.563660383224,0.00573434541002,101,5.0
102,-0.68866109848,0.132221892476,102,82.0
103,-0.236311525106,-0.316733747721,103,0.0
104,-0.433545351028,-0.119305282831,104,0.0
105,-0.307157933712,-0.243709534407,105,150.0
106,-0.612313628197,0.0632171407342,106,30.0
107,-0.307361721992,-0.241216391325,107,156.0
108,-0.237596645951,-0.307638287544,108,0.0
109,-0.339913696051,-0.203138962388,109,86.0
110,-0.169982478023,-0.371859490871,110,20.0
111,-0.301339417696,-0.233464106917,111,122.0
112,-0.348115861416,-0.186084136367,112,34.0
113,-0.424678206444,-0.109282009304,113,91.0
114,-0.0300633348525,-0.502018809319,114,0.0
115,-0.333307743073,-0.195113986731,115,45.0
116,-0.261920779943,-0.256240278482,116,80.0
117,-0.167551055551,-0.346602082253,117,148.0
118,-0.216473847628,-0.297256529331,118,35.0
119,-0.310206443071,-0.196064755321,119,150.0
120,-0.32550150156,-0.180415198207,120,51.0
121,-0.192321419716,-0.310069024563,121,32.0
122,-0.227621302009,-0.274192720652,122,25.0
123,-0.296708315611,-0.204790234566,123,27.0
124,-0.149581938982,-0.346902161837,124,128.0
125,-0.311428755522,-0.179429456592,125,98.0
126,-0.102950587869,-0.380790889263,126,138.0
127,-0.60891610384,0.128805726767,127,34.0
128,-0.487952977419,0.0104200933129,128,55.0
129,-0.106601275504,-0.37025770545,129,42.0
130,-0.314570486546,-0.156924590468,130,99.0
131,0.0143126174808,-0.477068692446,131,69.0
132,-0.243045017123,-0.211049079895,132,92.0
133,-0.633772790432,0.182451173663,133,172.0
134,-0.0407246574759,-0.408048123121,134,9.0
135,0.0587571747601,-0.494279503822,135,111.0
136,-0.353652834892,-0.081070035696,136,131.0
137,-0.112053088844,-0.318529903889,137,137.0
138,-0.20266468823,-0.226384282112,138,104.0
139,-0.348597824574,-0.080228202045,139,67.0
140,-0.436312913895,0.0192580483854,140,102.0
141,-0.161475434899,-0.254965335131,141,44.0
142,-0.352015167475,-0.0619565397501,142,9.0
143,-0.288237452507,-0.125101447105,143,124.0
144,-0.0760535225272,-0.33705419302,144,0.0
145,-0.169901326299,-0.242625758052,145,118.0
146,-0.192323178053,-0.219654083252,146,149.0
147,-0.0524512566626,-0.359196007252,147,28.0
148,-0.368697583675,-0.0407135039568,148,30.0
149,-0.110772326589,-0.29776519537,149,174.0
150,-0.238604560494,-0.16603384912,150,149.0
151,0.0320142619312,-0.435254275799,151,0.0
152,0.0204002447426,-0.422533899546,152,79.0
153,-0.494755387306,0.0965011194348,153,18.0
154,-0.086453281343,-0.309664160013,154,167.0
155,-0.246256813407,-0.147164478898,155,30.0
156,0.00473128817976,-0.388338714838,156,25.0
157,-0.0771695673466,-0.304394692183,157,11.0
158,-0.463881701231,0.0960371494293,158,42.0
159,-0.119637966156,-0.246677622199,159,38.0
160,-0.165670111775,-0.198771104217,160,102.0
161,-0.0458347983658,-0.317595660686,161,14.0
162,-0.292000830173,-0.0672382339835,162,15.0
163,-0.285806328058,-0.0722325891256,163,31.0
164,-0.266319572926,-0.091351903975,164,22.0
165,-0.0561562292278,-0.300537586212,165,21.0
166,-0.0644772127271,-0.292107641697,166,0.0
167,-0.159698486328,-0.193875610828,167,77.0
168,-0.564511656761,0.213540256023,168,96.0
169,0.0481574907899,-0.391854196787,169,122.0
170,-0.168370425701,-0.172741547227,170,176.0
171,-0.0943772345781,-0.245811238885,171,118.0
172,-0.0266613140702,-0.312660425901,172,0.0
173,-0.276175707579,-0.061635620892,173,160.0
174,-0.342802673578,0.00594963598996,174,99.0
175,-0.337772041559,0.00108464027289,175,47.0
176,-0.213802501559,-0.122240543365,176,153.0
177,-0.320025086403,-0.0121258152649,177,79.0
178,-0.0637682676315,-0.266764491796,178,49.0
179,-0.173222780228,-0.15428327024,179,88.0
180,-0.285119235516,-0.0419584587216,180,6.0
181,-0.255996912718,-0.069543518126,181,51.0
182,-0.0140674067661,-0.311365455389,182,163.0
183,-0.0027301767841,-0.321506053209,183,0.0
184,-0.210171878338,-0.112310141325,184,158.0
185,0.0597062818706,-0.379257202148,185,0.0
186,0.0198365580291,-0.335479736328,186,39.0
187,-0.0414481423795,-0.272596091032,187,38.0
188,-0.455313950777,0.141807764769,188,119.0
189,0.0535951890051,-0.365837723017,189,135.0
190,0.0342673696578,-0.334203064442,190,0.0
191,0.0877710729837,-0.382097780704,191,62.0
192,-0.13454054296,-0.159562498331,192,179.0
193,-0.0819185450673,-0.210729628801,193,77.0
194,-0.178620651364,-0.111198067665,194,43.0
195,-0.237915739417,-0.0498231612146,195,40.0
196,-0.0218473169953,-0.263028353453,196,65.0
197,-0.0875269621611,-0.194586068392,197,180.0
198,0.0252798590809,-0.307226121426,198,110.0
199,-0.393701642752,0.112909555435,199,45.0
200,-0.133042663336,-0.146158754826,200,78.0
201,-0.0239427927881,-0.254544943571,201,7.0
202,-0.3427041471,0.0649907663465,202,81.0
203,-0.00635050982237,-0.271275818348,203,0.0
204,-0.19680634141,-0.0739364251494,204,83.0
205,-0.138997778296,-0.131387293339,205,120.0
206,0.00583334825933,-0.274346232414,206,0.0
207,0.0989544689655,-0.364347308874,207,107.0
208,-0.155355170369,-0.109567575157,208,50.0
209,0.0335703007877,-0.296870589256,209,0.0
210,-0.0937975496054,-0.167582422495,210,160.0
211,0.0782857760787,-0.338926523924,211,147.0
212,0.071006000042,-0.324644297361,212,143.0
213,-0.027648344636,-0.22501501441,213,146.0
214,0.103042714298,-0.3529946208,214,128.0
215,-0.181942805648,-0.0678416714072,215,87.0
216,0.06323043257,-0.311754614115,216,111.0
217,-0.291474819183,0.0441046059132,217,78.0
218,-0.315615922213,0.0685717239976,218,68.0
219,0.159778773785,-0.405198216438,219,151.0
220,0.0207317247987,-0.265848010778,220,143.0
221,-0.147257000208,-0.0960518717766,221,45.0
222,-0.311869323254,0.0686164051294,222,24.0
223,-0.0971448197961,-0.145484253764,223,26.0
224,-0.0607943572104,-0.180965855718,224,8.0
225,-0.319230943918,0.0777382701635,225,85.0
226,-0.361118853092,0.123401932418,226,65.0
227,-0.204410165548,-0.0315142944455,227,40.0
228,-0.211311802268,-0.0240347292274,228,127.0
229,-0.0714302361012,-0.16181075573,229,0.0
230,-0.336352854967,0.111769787967,230,147.0
231,-0.149861067533,-0.0719304904342,231,22.0
232,-0.281735271215,0.0616210177541,232,0.0
233,0.0689488872886,-0.286677122116,233,76.0
234,-0.0689941421151,-0.147971153259,234,0.0
235,0.0568704418838,-0.272488355637,235,160.0
236,-0.167681276798,-0.0471752770245,236,0.0
237,0.0833149775863,-0.297772139311,237,65.0
238,-0.16737177968,-0.0442355871201,238,50.0
239,-0.157548725605,-0.0536302924156,239,48.0
240,0.0812422484159,-0.290185928345,240,127.0
241,-0.205244764686,-0.00318972556852,241,21.0
242,-0.386959195137,0.185443088412,242,176.0
243,-0.256001442671,0.0576355978847,243,10.0
244,-0.230434760451,0.0335557796061,244,126.0
245,-0.252542197704,0.0561622753739,245,78.0
246,0.0142312021926,-0.208258613944,246,60.0
247,-0.420542776585,0.228969797492,247,145.0
248,-0.179410710931,-0.00310197053477,248,150.0
249,-0.0124791357666,-0.168881386518,249,88.0
250,-0.0664411485195,-0.111389696598,250,97.0
251,-0.0304184928536,-0.146125048399,251,23.0
252,-0.0131990928203,-0.163322284818,252,55.0
253,0.00886563118547,-0.183436408639,253,128.0
254,0.0505743324757,-0.224550247192,254,19.0
255,-0.0360635444522,-0.137195512652,255,141.0
256,-0.296916723251,0.123886480927,256,71.0
257,0.0357404239476,-0.207211658359,257,115.0
258,0.000849440693855,-0.165777251124,258,95.0
259,-0.0618961490691,-0.0985242947936,259,146.0
260,-0.107141807675,-0.0488219596446,260,154.0
261,0.218926250935,-0.370721757412,261,158.0
262,-0.149496436119,-0.00169290963095,262,16.0
263,-0.0298414900899,-0.118662320077,263,154.0
264,0.0225647166371,-0.170516461134,264,130.0
265,0.0750320479274,-0.22217489779,265,0.0
266,-0.23967577517,0.0959394723177,266,5.0
267,-0.257635742426,0.114995732903,267,35.0
268,0.131000444293,-0.271981775761,268,32.0
269,0.0747819691896,-0.215634182096,269,137.0
270,0.0500681363046,-0.184515193105,270,124.0
271,-0.324761360884,0.190516099334,271,1.0
272,-0.205256149173,0.0713709518313,272,113.0
273,-0.247254371643,0.116237565875,273,125.0
274,-0.336108058691,0.20549544692,274,51.0
275,-0.323896825314,0.193548262119,275,86.0
276,-0.209854513407,0.0801106393337,276,120.0
277,0.0482929199934,-0.175474867225,277,0.0
278,-0.11747674644,-0.0069845081307,278,118.0
279,-0.279620558023,0.156858727336,279,56.0
280,0.118852838874,-0.240654960275,280,93.0
281,-0.181991815567,0.0616222582757,281,50.0
282,-0.126810014248,0.0081192869693,282,31.0
283,-0.106127083302,-0.0116478148848,283,152.0
284,0.063833668828,-0.181482806802,284,128.0
285,-0.162590369582,0.0476951599121,285,44.0
286,-0.169008418918,0.0554344244301,286,99.0
287,-0.302052199841,0.189091324806,287,1.0
288,0.17153865099,-0.280188828707,288,100.0
289,0.0812718272209,-0.189846605062,289,31.0
290,0.159486472607,-0.265692710876,290,0.0
291,0.11431812495,-0.219408839941,291,73.0
292,-0.167629554868,0.0634707137942,292,0.0
293,0.0403739959002,-0.143155112863,293,170.0
294,-0.305384486914,0.204057335854,294,49.0
295,0.206312566996,-0.306746274233,295,136.0
296,0.124221615493,-0.223352730274,296,130.0
297,-0.162327870727,0.0669734999537,297,66.0
298,0.0972670763731,-0.189540952444,298,124.0
299,-0.0932241007686,0.00153879832942,299,34.0
300,0.0235173217952,-0.114297322929,300,62.0
301,-0.0231708139181,-0.0619593337178,301,98.0
302,-0.133828029037,0.0489756278694,302,0.0
303,-0.0940451696515,0.0101785724983,303,0.0
304,0.0835303738713,-0.16737703979,304,0.0
305,0.00105182046536,-0.082820944488,305,0.0
306,-0.0493939295411,-0.0309749245644,306,84.0
307,0.0098526449874,-0.0901794135571,307,90.0
308,0.0921131148934,-0.171702712774,308,88.0
309,0.0808390676975,-0.158167988062,309,61.0
310,-0.0204811003059,-0.0567600503564,310,41.0
311,0.00420227367431,-0.0764377787709,311,129.0
312,0.0118946982548,-0.0830171331763,312,90.0
313,0.0877541974187,-0.157265201211,313,0.0
314,-0.12031557411,0.0524011366069,314,90.0
315,0.0489307902753,-0.116619534791,315,18.0
316,-0.169976770878,0.105160780251,316,7.0
317,0.077870324254,-0.141519188881,317,0.0
318,-0.0711593031883,0.00983614008874,318,18.0
319,0.235752955079,-0.294661730528,319,0.0
320,0.151683107018,-0.210372820497,320,95.0
321,0.0538446195424,-0.112525582314,321,134.0
322,0.0361281596124,-0.0920946151018,322,0.0
323,0.160509482026,-0.21599689126,323,0.0
324,-0.278287112713,0.22283372283,324,116.0
325,-0.0440098717809,-0.0104845603928,325,2.0
326,-0.27041170001,0.219975978136,326,44.0
327,0.27612516284,-0.323593020439,327,173.0
328,0.0801311358809,-0.127234727144,328,0.0
329,-0.0361310318112,-0.0107233328745,329,15.0
330,-0.251902759075,0.206355199218,330,149.0
331,0.0961590260267,-0.136228114367,331,43.0
332,-0.203638523817,0.163934096694,332,178.0
333,0.137434154749,-0.176378801465,333,57.0
334,-0.246886968613,0.208239778876,334,94.0
335,-0.261225789785,0.223057463765,335,158.0
336,0.173338145018,-0.206110790372,336,0.0
337,-0.20538431406,0.173008188605,337,94.0
338,0.0856765136123,-0.117408186197,338,23.0
339,-0.0323995873332,0.00121281179599,339,10.0
340,-0.0488281883299,0.0201271194965,340,155.0
341,0.229524224997,-0.254343062639,341,0.0
342,0.161716356874,-0.185969308019,342,28.0
343,-0.181495383382,0.160442009568,343,47.0
344,0.0307614021003,-0.0511044003069,344,154.0
345,0.20004183054,-0.215712592006,345,1.0
346,0.183658197522,-0.196225985885,346,181.0
347,0.14030520618,-0.152355313301,347,28.0
348,0.0657492429018,-0.0775104910135,348,40.0
349,0.176314517856,-0.18762151897,349,154.0
350,-0.113182298839,0.104010894895,350,79.0
351,-0.0147890271619,0.00672233942896,351,33.0
352,0.0596158280969,-0.0671102255583,352,30.0
353,-0.0604784376919,0.0546477437019,353,6.0
354,0.0720401182771,-0.0765096619725,354,0.0
355,0.257356315851,-0.260732501745,355,43.0
356,0.127249538898,-0.130200758576,356,104.0
357,0.119563564658,-0.122138537467,357,19.0
358,-0.315894454718,0.313443779945,358,21.0
359,0.126229554415,-0.124045573175,359,0.0
360,0.213120892644,-0.209486082196,360,73.0
361,0.087802991271,-0.0804513022304,361,139.0
362,-0.36506831646,0.372741430998,362,73.0
363,0.102743439376,-0.0949466377497,363,0.0
364,0.00932563096285,-0.00070020975545,364,29.0
365,0.171631097794,-0.162839472294,365,15.0
366,0.157565131783,-0.146732062101,366,30.0
367,-0.00456222891808,0.017329743132,367,0.0
368,0.0763776525855,-0.0623872727156,368,9.0
369,0.0111698685214,0.00337283755653,369,144.0
370,0.0390146821737,-0.0242030546069,370,181.0
371,0.0693979263306,-0.0544925555587,371,0.0
372,0.0672323778272,-0.0456083752215,372,179.0
373,0.149536475539,-0.121704980731,373,0.0
374,-0.0304719749838,0.0584054104984,374,119.0
375,0.270109444857,-0.24187207222,375,0.0
376,-0.448652386665,0.477899849415,376,177.0
377,-0.137144953012,0.167350575328,377,178.0
378,0.129609271884,-0.0991958156228,378,117.0
379,-0.127130478621,0.157907932997,379,3.0
380,0.218095868826,-0.184527948499,380,174.0
381,0.211895346642,-0.174637064338,381,68.0
382,0.141590446234,-0.102755814791,382,0.0
383,-0.0848433896899,0.123920321465,383,147.0
384,-0.112705469131,0.15253226459,384,151.0
385,0.279486835003,-0.23724232614,385,92.0
386,0.0493557080626,-0.00673066684976,386,26.0
387,0.195191070437,-0.15217128396,387,0.0
388,0.249067470431,-0.205605879426,388,60.0
389,-0.12587569654,0.171116322279,389,117.0
390,0.115645907819,-0.0654079318047,390,0.0
391,0.0992793962359,-0.0448018498719,391,0.0
392,0.0388888455927,0.0192775931209,392,148.0
393,0.171735271811,-0.11239913106,393,107.0
394,-0.246330812573,0.306300371885,394,55.0
395,0.00536872679368,0.0549377538264,395,129.0
396,0.267564386129,-0.205404609442,396,0.0
397,-0.0159242283553,0.0786042734981,397,137.0
398,0.12348395586,-0.0597470141947,398,116.0
399,0.221425697207,-0.153622359037,399,0.0
400,-0.359066665173,0.427828907967,400,62.0
401,-0.0199934020638,0.0910046473145,401,42.0
402,0.218099445105,-0.144809707999,402,0.0
403,-0.0525075644255,0.128524333239,403,39.0
404,-0.0666882172227,0.143510296941,404,141.0
405,0.228490293026,-0.151626810431,405,0.0
406,0.16924071312,-0.0877151861787,406,19.0
407,0.124754965305,-0.0405050739646,407,0.0
408,0.147932291031,-0.0636787489057,408,0.0
409,0.192679777741,-0.10693603009,409,0.0
410,0.185388088226,-0.0978341773152,410,25.0
411,0.20439119637,-0.115169152617,411,0.0
412,0.117089509964,-0.0224533136934,412,22.0
413,0.322176635265,-0.224697470665,413,39.0
414,0.130709826946,-0.0305438768119,414,24.0
415,0.215324655175,-0.114384643734,415,24.0
416,0.197506174445,-0.0930027216673,416,110.0
417,-0.146349802613,0.250882953405,417,36.0
418,0.235953524709,-0.128755405545,418,33.0
419,-0.097673162818,0.204895988107,419,7.0
420,-0.180423870683,0.28772470355,420,168.0
421,0.281161934137,-0.171168833971,421,4.0
422,-0.066648080945,0.177376776934,422,20.0
423,0.0202364567667,0.0940149798989,423,1.0
424,0.0108375838026,0.109495803714,424,0.0
425,-0.0122335003689,0.134559139609,425,78.0
426,0.321091979742,-0.198728054762,426,51.0
427,0.29736572504,-0.174457788467,427,160.0
428,0.26509064436,-0.140794023871,428,17.0
429,-0.0377566851676,0.163963660598,429,123.0
430,-0.0284567382187,0.157233014703,430,89.0
431,-0.230395033956,0.359503179789,431,56.0
432,0.00722691696137,0.123379826546,432,56.0
433,0.30331236124,-0.171562701464,433,0.0
434,0.283959448338,-0.148435711861,434,0.0
435,0.171341925859,-0.0354783125222,435,126.0
436,0.228742539883,-0.0910010933876,436,178.0
437,0.00421454990283,0.134465232491,437,0.0
438,-0.223406881094,0.363310784101,438,60.0
439,-0.00376460142434,0.144355162978,439,38.0
440,0.0761863291264,0.0651107281446,440,179.0
441,0.161764189601,-0.0197002515197,441,0.0
442,0.121033258736,0.0250211693347,442,14.0
443,-0.238916054368,0.385168373585,443,23.0
444,-0.0202353335917,0.169333472848,444,49.0
445,0.14434543252,0.00519040366635,445,94.0
446,0.30066177249,-0.150524318218,446,91.0
447,0.353179067373,-0.199732512236,447,88.0
448,-0.0908263623714,0.248107582331,448,92.0
449,0.157948538661,-0.000129812746309,449,139.0
450,0.148145288229,0.0105799203739,450,0.0
451,0.0863135457039,0.0726318061352,451,28.0
452,0.124404869974,0.0378337204456,452,68.0
453,-0.114725090563,0.277340322733,453,49.0
454,0.0812695100904,0.0818257033825,454,23.0
455,0.23048979044,-0.0672318413854,455,28.0
456,0.00165391678456,0.16323427856,456,0.0
457,0.150402233005,0.0194707587361,457,5.0
458,0.276872038841,-0.1053468436,458,142.0
459,-0.0108901299536,0.185470536351,459,133.0
460,-0.0598541237414,0.23660159111,460,134.0
461,-0.000232165664784,0.178287401795,461,0.0
462,0.0883757248521,0.0910915136337,462,60.0
463,0.144994050264,0.0363647192717,463,139.0
464,0.00157778628636,0.180829048157,464,48.0
465,0.181774288416,0.000659497105516,465,132.0
466,-0.0159232243896,0.199120014906,466,58.0
467,0.21435469389,-0.0305438768119,467,0.0
468,0.212454140186,-0.0263413656503,468,0.0
469,0.025284755975,0.162197366357,469,103.0
470,0.0506843328476,0.138517767191,470,0.0
471,0.0528441742063,0.1377851367,471,90.0
472,0.328561723232,-0.137413963675,472,35.0
473,0.0994060486555,0.0919769331813,473,119.0
474,0.334354788065,-0.142445206642,474,173.0
475,0.0452303141356,0.148997336626,475,53.0
476,-0.0686972513795,0.265834391117,476,26.0
477,0.0641242712736,0.135904148221,477,0.0
478,0.1362529248,0.0643122270703,478,142.0
479,0.0762821882963,0.124539457262,479,94.0
480,0.348189860582,-0.145599424839,480,135.0
481,-0.120690956712,0.32792288065,481,14.0
482,0.314971059561,-0.107707388699,482,129.0
483,-0.0351644642651,0.243779093027,483,48.0
484,-0.0031481476035,0.212520286441,484,74.0
485,-0.0198034159839,0.22995428741,485,0.0
486,0.218653514981,-0.00746922753751,486,147.0
487,0.0808446779847,0.130657300353,487,133.0
488,0.152552217245,0.0590080171824,488,173.0
489,-0.0186711438,0.230396807194,489,6.0
490,0.225105538964,-0.0127428909764,490,0.0
491,-0.140856012702,0.354068309069,491,51.0
492,0.014729837887,0.199353858829,492,111.0
493,0.276953428984,-0.0620512552559,493,5.0
494,0.262043118477,-0.0468005128205,494,0.0
495,-0.0847972854972,0.30074608326,495,27.0
496,-0.0940461084247,0.31150072813,496,69.0
497,0.18669116497,0.031823579222,497,48.0
498,-0.221838265657,0.440549343824,498,138.0
499,0.126788437366,0.09388307482,499,111.0
500,0.312123000622,-0.0875986218452,500,173.0
501,0.0721237286925,0.153824582696,501,0.0
502,0.0695030838251,0.162886932492,502,1.0
503,0.245494201779,-0.00891722738743,503,153.0
504,-0.0577243417501,0.294698148966,504,0.0
505,0.320609152317,-0.0796563401818,505,97.0
506,0.153032287955,0.091876834631,506,68.0
507,0.0745579749346,0.170646190643,507,6.0
508,0.138413950801,0.106901012361,508,168.0
509,0.268208771944,-0.0216144174337,509,0.0
510,0.187911391258,0.0588115751743,510,153.0
511,-0.071261331439,0.32298758626,511,86.0
512,0.27039924264,-0.0180286802351,512,154.0
513,0.228483423591,0.0246497262269,513,144.0
514,0.27763697505,-0.0197151973844,514,31.0
515,0.118676424026,0.142368048429,515,93.0
516,-0.0197307821363,0.283627003431,516,34.0
517,-0.108300179243,0.383224487305,517,76.0
518,-0.164246484637,0.440438091755,518,51.0
519,0.208368197083,0.0697168037295,519,20.0
520,0.0355183444917,0.243047401309,520,46.0
521,0.0617865473032,0.219787165523,521,154.0
522,0.133813336492,0.152628868818,522,38.0
523,0.0263165794313,0.260736227036,523,92.0
524,0.117371536791,0.170721128583,524,114.0
525,0.242430135608,0.0529323183,525,36.0
526,0.331760048866,-0.0349202565849,526,67.0
527,0.434886962175,-0.137682452798,527,93.0
528,0.360539913177,-0.0618185438216,528,176.0
529,-0.0102118542418,0.309064537287,529,34.0
530,0.0944751873612,0.207450151443,530,0.0
531,0.173912778497,0.138462260365,531,14.0
532,0.070596255362,0.243034169078,532,137.0
533,0.0560490787029,0.259291231632,533,116.0
534,0.239209085703,0.078925460577,534,107.0
535,0.348604500294,-0.0286622494459,535,37.0
536,0.0122367739677,0.307817876339,536,0.0
537,0.121224440634,0.19953045249,537,168.0
538,0.255817383528,0.0657318010926,538,100.0
539,0.146571993828,0.175707131624,539,15.0
540,0.160320743918,0.163727030158,540,33.0
541,0.337804585695,-0.0136005757377,541,134.0
542,0.122601367533,0.203337863088,542,0.0
543,0.177361801267,0.151496276259,543,0.0
544,0.116358265281,0.213055700064,544,0.0
545,0.0477041974664,0.283499002457,545,43.0
546,0.013785132207,0.317904800177,546,151.0
547,0.298473000526,0.0337642990053,547,59.0
548,0.116496525705,0.215788885951,548,0.0
549,0.324105918407,0.00839195586741,549,0.0
550,0.285452961922,0.0474007129669,550,140.0
551,0.20700006187,0.127189263701,551,142.0
552,0.436242222786,-0.101148702204,552,0.0
553,0.211702510715,0.123648807406,553,174.0
554,0.197350755334,0.143633574247,554,0.0
555,0.257114499807,0.0877005904913,555,131.0
556,0.220136135817,0.125789120793,556,152.0
557,0.122745446861,0.22376203537,557,0.0
558,0.0828501358628,0.26539465785,558,20.0
559,0.0719101801515,0.276482403278,559,0.0
560,0.0473344735801,0.304251939058,560,67.0
561,0.0392944142222,0.313231319189,561,80.0
562,0.164822891355,0.191957741976,562,140.0
563,0.203362375498,0.154609963298,563,173.0
564,0.242328554392,0.116614580154,564,117.0
565,0.258762687445,0.102128349245,565,0.0
566,0.147607386112,0.215504974127,566,0.0
567,0.242040246725,0.122123941779,567,0.0
568,0.139231517911,0.227295726538,568,75.0
569,-0.04544056952,0.421845108271,569,27.0
570,0.202337473631,0.174352303147,570,173.0
571,0.291251540184,0.0855142623186,571,0.0
572,0.162907660007,0.216973677278,572,0.0
573,0.315848231316,0.0662182271481,573,8.0
574,0.395086139441,-0.0129788490012,574,154.0
575,0.221662074327,0.162328749895,575,0.0
576,0.230838999152,0.153524816036,576,0.0
577,-0.0540122650564,0.438732028008,577,0.0
578,0.36730080843,0.0180863756686,578,0.0
579,0.253391176462,0.132253572345,579,0.0
580,0.156997054815,0.228782400489,580,0.0
581,0.296802431345,0.0892741158605,581,0.0
582,0.127518191934,0.258917540312,582,0.0
583,0.154342934489,0.232546910644,583,0.0
584,0.0829890742898,0.305629730225,584,125.0
585,0.335372656584,0.0586720257998,585,5.0
586,-0.0232468191534,0.422284007072,586,33.0
587,0.460044980049,-0.0599963963032,587,0.0
588,0.447258144617,-0.0470608063042,588,94.0
589,0.236713320017,0.164517775178,589,0.0
590,0.095020249486,0.306512385607,590,0.0
591,0.0500905402005,0.351581096649,591,61.0
592,0.123495273292,0.278890728951,592,0.0
593,0.102454736829,0.303146123886,593,0.0
594,0.239186659455,0.166441991925,594,148.0
595,0.115677669644,0.293254643679,595,0.0
596,0.225373417139,0.184884995222,596,128.0
597,0.123293437064,0.287599742413,597,112.0
598,0.313830554485,0.0973928868771,598,0.0
599,0.281917184591,0.130427509546,599,0.0
600,0.0942074730992,0.321771591902,600,115.0
601,0.149050727487,0.269124418497,601,0.0
602,0.317187458277,0.101391740143,602,0.0
603,0.487079441547,-0.062100443989,603,162.0
604,0.107421509922,0.322503507137,604,0.0
605,-0.0784056857228,0.512909591198,605,54.0
606,0.449659377337,-0.0130397593603,606,113.0
607,0.293384552002,0.150056123734,607,161.0
608,0.12460013479,0.319597065449,608,103.0
609,-0.0233319010586,0.470060557127,609,77.0
610,0.300419479609,0.147123277187,610,31.0
611,0.219521775842,0.228736042976,611,171.0
612,0.0186530034989,0.431326746941,612,53.0
613,0.179341062903,0.2711378932,613,131.0
614,0.0256208926439,0.425340354443,614,127.0
615,0.108108140528,0.344703763723,615,96.0
616,0.0882267728448,0.366710364819,616,63.0
617,0.354176700115,0.103923007846,617,93.0
618,0.217758119106,0.240938395262,618,143.0
619,0.178879037499,0.280042290688,619,0.0
620,0.259535193443,0.201330885291,620,0.0
621,0.303662031889,0.161142706871,621,0.0
622,0.15430688858,0.313216924667,622,23.0
623,0.387076050043,0.0809691920877,623,5.0
624,0.499289631844,-0.0286297723651,624,123.0
625,0.312227040529,0.158476635814,625,135.0
626,0.230591699481,0.24212667346,626,0.0
627,0.24659769237,0.230672582984,627,0.0
628,0.237886056304,0.239972263575,628,0.0
629,0.309716254473,0.172258064151,629,76.0
630,0.224741727114,0.258189827204,630,0.0
631,0.439197123051,0.045226957649,631,19.0
632,0.178142517805,0.307857304811,632,37.0
633,0.0430928692222,0.447564810514,633,0.0
634,0.118355035782,0.375549763441,634,65.0
635,0.357229828835,0.141278922558,635,46.0
636,0.0533750206232,0.44673076272,636,53.0
637,0.343042105436,0.158322811127,637,0.0
638,0.226060122252,0.275777667761,638,81.0
639,0.0233126599342,0.482635676861,639,8.0
640,0.266115933657,0.242641940713,640,0.0
641,-0.0891770422459,0.600709378719,641,149.0
642,0.25614887476,0.25713673234,642,130.0
643,0.14020524919,0.374068111181,643,0.0
644,0.176772728562,0.337989360094,644,0.0
645,0.294888287783,0.220823198557,645,107.0
646,0.223842293024,0.291941046715,646,28.0
647,0.470586568117,0.0493068248034,647,0.0
648,0.122162364423,0.397913366556,648,46.0
649,0.45062237978,0.0721654370427,649,179.0
650,0.235606446862,0.287255555391,650,37.0
651,0.214633017778,0.309119820595,651,0.0
652,0.470217347145,0.0538553781807,652,0.0
653,0.172419711947,0.357234686613,653,117.0
654,0.17080168426,0.359392851591,654,61.0
655,0.254221349955,0.278163313866,655,0.0
656,0.346229791641,0.189202979207,656,0.0
657,0.119363293052,0.417889922857,657,123.0
658,0.189110517502,0.350469231606,658,0.0
659,0.255085498095,0.285816073418,659,121.0
660,0.359032601118,0.185841158032,660,0.0
661,0.324858486652,0.220420211554,661,58.0
662,0.381015688181,0.16869725287,662,178.0
663,0.15180182457,0.400471866131,663,83.0
664,0.388948768377,0.16468295455,664,34.0
665,0.170992106199,0.386006474495,665,88.0
666,0.19271017611,0.36620247364,666,0.0
667,0.238922074437,0.320257902145,667,32.0
668,0.297956883907,0.263537764549,668,21.0
669,0.450204759836,0.11567248404,669,22.0
670,0.429120928049,0.142692148685,670,15.0
671,0.521946072578,0.0503019280732,671,0.0
672,0.240547016263,0.331828594208,672,144.0
673,0.248054414988,0.324593544006,673,168.0
674,0.234823256731,0.338087946177,674,46.0
675,0.233394250274,0.340652525425,675,80.0
676,0.434717983007,0.140326589346,676,0.0
677,0.527009367943,0.0490792393684,677,24.0
678,0.318646371365,0.25822237134,678,133.0
679,0.189187392592,0.388336151838,679,0.0
680,0.396672993898,0.181896090508,680,0.0
681,0.196835950017,0.384461164474,681,0.0
682,0.488606154919,0.0968677997589,682,119.0
683,0.475104391575,0.111644275486,683,0.0
684,0.208519205451,0.380201369524,684,140.0
685,0.316759258509,0.278727382421,685,0.0
686,0.132600441575,0.470287322998,686,6.0
687,0.170609876513,0.434919893742,687,139.0
688,0.206515878439,0.399256199598,688,0.0
689,0.0528454743326,0.554471731186,689,127.0
690,0.363612443209,0.245637699962,690,146.0
691,0.429518789053,0.180659979582,691,68.0
692,0.451175689697,0.15925988555,692,0.0
693,0.246913924813,0.367735236883,693,0.0
694,0.0142963910475,0.601215422153,694,8.0
695,0.162909403443,0.454023003578,695,8.0
696,0.459764868021,0.162367925048,696,83.0
697,0.204887360334,0.417460948229,697,31.0
698,0.404439121485,0.220724821091,698,50.0
699,0.322036474943,0.30879470706,699,151.0
700,0.414896994829,0.21705378592,700,32.0
701,0.288648098707,0.34838822484,701,53.0
702,0.0519988834858,0.587767541409,702,97.0
703,0.52455508709,0.11961684376,703,93.0
704,0.201162546873,0.447039663792,704,153.0
705,0.09505879879,0.555141448975,705,19.0
706,0.260791629553,0.394377857447,706,140.0
707,0.200425669551,0.463825702667,707,0.0
708,0.359612077475,0.304701089859,708,0.0
709,0.527750492096,0.136582717299,709,0.0
710,0.417551279068,0.249604135752,710,0.0
711,0.524129211903,0.14599993825,711,0.0
712,0.456984788179,0.21360220015,712,0.0
713,-0.00674015050754,0.678844571114,713,9.0
714,0.182669401169,0.491541206837,714,134.0
715,0.467039525509,0.207212656736,715,0.0
716,0.337772250175,0.341885656118,716,39.0
717,0.263371229172,0.417143672705,717,0.0
718,0.273411154747,0.411630839109,718,88.0
719,0.403920024633,0.288078933954,719,7.0
720,0.272591799498,0.427306473255,720,0.0
721,0.366163313389,0.334398090839,721,0.0
722,0.266933202744,0.434390604496,722,93.0
723,0.0838476866484,0.617843925953,723,0.0
724,0.0677680000663,0.635457456112,724,0.0
725,0.353951126337,0.350264191628,725,150.0
726,0.192605629563,0.512814819813,726,149.0
727,0.461964279413,0.249029517174,727,125.0
728,0.402174115181,0.311299294233,728,116.0
729,0.505011439323,0.211535185575,729,159.0
730,0.232224822044,0.488528132439,730,3.0
731,0.404387623072,0.319805204868,731,110.0
732,0.476097136736,0.24820522964,732,0.0
733,0.438843160868,0.285927385092,733,152.0
734,0.44951108098,0.276412636042,734,0.0
735,0.497576802969,0.229147076607,735,0.0
736,0.484302550554,0.248759925365,736,0.0
737,0.393195778131,0.344321340322,737,0.0
738,0.115377254784,0.624609708786,738,151.0
739,0.470715939999,0.270745992661,739,0.0
740,0.441370368004,0.301987111568,740,150.0
741,0.219759300351,0.524335205555,741,0.0
742,0.438217878342,0.312874764204,742,8.0
743,0.377613306046,0.377956837416,743,79.0
744,0.297420114279,0.460981398821,744,25.0
745,0.412484049797,0.348199427128,745,142.0
746,0.246471107006,0.514977633953,746,47.0
747,0.356113493443,0.407102823257,747,87.0
748,0.328854739666,0.43574270606,748,46.0
749,0.260711461306,0.504729449749,749,0.0
750,0.49402397871,0.274753153324,750,73.0
751,0.234692379832,0.53569740057,751,0.0
752,0.240741729736,0.537445068359,752,144.0
753,0.371319115162,0.407125622034,753,35.0
754,0.281507104635,0.504971504211,754,33.0
755,0.282154530287,0.505271553993,755,0.0
756,0.190374448895,0.60011702776,756,49.0
757,0.215755194426,0.575864315033,757,0.0
758,0.676154613495,0.123714730144,758,9.0
759,0.564686596394,0.239118650556,759,178.0
760,0.290968626738,0.513375520706,760,56.0
761,0.577399909496,0.231785386801,761,0.0
762,0.151150986552,0.661418020725,762,78.0
763,0.371944308281,0.446636289358,763,0.0
764,0.410794496536,0.409005105495,764,0.0
765,0.4119117558,0.40930891037,765,69.0
766,0.455300837755,0.366815775633,766,0.0
767,0.293519884348,0.530858099461,767,33.0
768,0.585681974888,0.241907075047,768,0.0
769,0.469868093729,0.360697180033,769,0.0
770,0.439205884933,0.391579151154,770,145.0
771,0.139428108931,0.691699028015,771,18.0
772,0.439154535532,0.392691850662,772,0.0
773,0.321278572083,0.510903656483,773,48.0
774,0.358693182468,0.474418699741,774,101.0
775,0.574798762798,0.259060919285,775,0.0
776,0.423327147961,0.411726057529,776,117.0
777,0.214384883642,0.62131357193,777,0.0
778,0.296416580677,0.540135025978,778,32.0
779,0.218825384974,0.62017416954,779,93.0
780,0.186232790351,0.655895888805,780,79.0
781,0.575616955757,0.268270283937,781,0.0
782,0.484146505594,0.361896276474,782,0.0
783,0.33579453826,0.510562598705,783,0.0
784,0.186252743006,0.661447703838,784,0.0
785,0.365820616484,0.483821928501,785,164.0
786,0.566506326199,0.284489959478,786,136.0
787,0.521185815334,0.337887525558,787,148.0
788,0.386749833822,0.473073959351,788,0.0
789,0.211861222982,0.649222075939,789,0.0
790,0.437316715717,0.427025556564,790,22.0
791,0.472830444574,0.391796290874,791,0.0
792,0.449092924595,0.418744832277,792,0.0
793,0.390311211348,0.478159964085,793,0.0
794,0.335010111332,0.533896565437,794,39.0
795,0.390381753445,0.47989410162,795,0.0
796,0.501459777355,0.370323598385,796,43.0
797,0.499344944954,0.381774544716,797,0.0
798,0.189158469439,0.692632675171,798,0.0
799,0.325382500887,0.559710085392,799,6.0
800,0.618364572525,0.272678077221,800,41.0
801,0.809715509415,0.0845188051462,801,0.0
802,0.603547334671,0.292096942663,802,0.0
803,0.51088064909,0.390541106462,803,0.0
804,0.277281880379,0.630108833313,804,32.0
805,0.297751963139,0.611986398697,805,0.0
806,0.542129993439,0.370485335588,806,112.0
807,0.452172785997,0.46462854743,807,57.0
808,0.208415046334,0.709292948246,808,57.0
809,0.310994714499,0.6071844697,809,0.0
810,0.49467638135,0.423902273178,810,37.0
811,0.405649274588,0.517020702362,811,0.0
812,0.419349581003,0.505985081196,812,111.0
813,0.408364027739,0.525604307652,813,171.0
814,0.564123153687,0.373857676983,814,0.0
815,0.575335264206,0.363389343023,815,0.0
816,0.578386485577,0.362782269716,816,0.0
817,0.481058359146,0.462589561939,817,13.0
818,0.487571507692,0.459067672491,818,114.0
819,0.484129279852,0.468582808971,819,0.0
820,0.468705892563,0.48415645957,820,0.0
821,0.512219548225,0.441535413265,821,39.0
822,0.472972333431,0.48345759511,822,30.0
823,0.562819063663,0.394409120083,823,138.0
824,0.384477108717,0.575881004333,824,73.0
825,0.464439541101,0.500293433666,825,0.0
826,0.469380587339,0.496990680695,826,0.0
827,0.50589209795,0.476546287537,827,0.0
828,0.421816915274,0.561171531677,828,168.0
829,0.629558086395,0.354742646217,829,12.0
830,0.418177872896,0.572152972221,830,0.0
831,0.719359219074,0.27122554183,831,103.0
832,0.46700668335,0.523902535439,832,0.0
833,0.503209412098,0.489336341619,833,0.0
834,0.493562430143,0.501335263252,834,0.0
835,0.819937050343,0.178835004568,835,0.0
836,0.597434282303,0.401921093464,836,0.0
837,0.457783997059,0.541755139828,837,7.0
838,0.596823096275,0.402841418982,838,52.0
839,0.525132119656,0.475286841393,839,166.0
840,0.640658378601,0.364668011665,840,0.0
841,0.552998065948,0.460994064808,841,107.0
842,0.589487910271,0.429816097021,842,103.0
843,0.486887454987,0.536040008068,843,0.0
844,0.420755684376,0.605879843235,844,0.0
845,0.472794890404,0.554145634174,845,132.0
846,0.380457788706,0.649530529976,846,0.0
847,0.582359850407,0.452823966742,847,42.0
848,0.45068436861,0.596400022507,848,0.0
849,0.650462627411,0.397022247314,849,0.0
850,0.710904181004,0.358242899179,850,0.0
851,0.715542793274,0.35419768095,851,0.0
852,0.563283085823,0.506820619106,852,129.0
853,0.362916946411,0.709701478481,853,0.0
854,0.59611928463,0.481669515371,854,80.0
855,0.576271533966,0.50317054987,855,176.0
856,0.516435146332,0.566772520542,856,27.0
857,0.458599925041,0.626448214054,857,0.0
858,0.670352935791,0.419925451279,858,151.0
859,0.503180623055,0.587425291538,859,0.0
860,0.512069046497,0.581856787205,860,0.0
861,0.654236793518,0.441922664642,861,0.0
862,0.621487677097,0.476908385754,862,0.0
864,0.493050843477,0.616400420666,864,0.0
865,0.637282431126,0.472917020321,865,0.0
866,0.757571458817,0.353510499001,866,0.0
867,0.578309476376,0.534467577934,867,56.0
868,0.823463261127,0.296690374613,868,3.0
869,0.761226892471,0.360572397709,869,0.0
870,0.529313266277,0.596373915672,870,90.0
871,0.617210566998,0.510737240314,871,36.0
872,0.632440268993,0.496930122375,872,72.0
873,0.747459411621,0.384373635054,873,0.0
874,0.62249559164,0.512531101704,874,0.0
875,0.5724157691,0.570805311203,875,0.0
876,0.619114100933,0.529003918171,876,0.0
877,0.638335049152,0.51199054718,877,0.0
878,0.628511190414,0.528577983379,878,154.0
879,0.600560307503,0.562748849392,879,0.0
880,0.618967473507,0.548543572426,880,115.0
881,0.669733226299,0.508205652237,881,0.0
882,0.56532907486,0.61378121376,882,86.0
883,0.728120684624,0.452131837606,883,7.0
884,0.413433253765,0.766895771027,884,0.0
885,0.762355089188,0.42105409503,885,101.0
886,0.514360487461,0.674102187157,886,141.0
887,0.631414413452,0.558185279369,887,162.0
888,0.633895933628,0.566998064518,888,0.0
889,0.591714262962,0.609472870827,889,40.0
890,0.730982899666,0.471325427294,890,0.0
891,0.716660618782,0.486902594566,891,76.0
892,0.64041018486,0.566628336906,892,84.0
893,0.62977206707,0.577489435673,893,0.0
894,0.769567012787,0.438452392817,894,0.0
895,0.731105089188,0.480123490095,895,0.0
896,0.614260852337,0.602026104927,896,0.0
897,0.704055428505,0.515907943249,897,0.0
898,0.591174662113,0.631148576736,898,171.0
899,0.53805410862,0.706086575985,899,121.0
900,0.641060590744,0.608503878117,900,0.0
901,0.744353413582,0.509668111801,901,0.0
902,0.787404179573,0.473230153322,902,0.0
904,0.69065529108,0.579492628574,904,0.0
905,0.723528683186,0.552886843681,905,0.0
906,0.656716048717,0.627993047237,906,129.0
907,0.614002585411,0.679870128632,907,169.0
908,0.793159902096,0.500968158245,908,0.0
909,0.6045165658,0.689637422562,909,60.0
910,0.577918469906,0.71799492836,910,0.0
911,0.753786623478,0.556119024754,911,0.0
912,0.724240899086,0.588962614536,912,175.0
913,0.560090601444,0.755146563053,913,0.0
914,0.682484805584,0.634736657143,914,0.0
916,0.849983215332,0.470010668039,916,0.0
917,0.837298750877,0.483879685402,917,64.0
918,0.736796915531,0.587144553661,918,0.0
919,0.716802000999,0.610215604305,919,0.0
920,0.784727811813,0.553694367409,920,0.0
921,0.735393404961,0.60948818922,921,0.0
922,0.747172296047,0.609642922878,922,100.0
923,0.886239409447,0.498315662146,923,106.0
924,0.613711476326,0.771389067173,924,0.0
925,0.845815002918,0.544227361679,925,0.0
926,0.855086266994,0.536895096302,926,0.0
927,0.917553126812,0.487561136484,927,0.0
928,0.826828062534,0.579347670078,928,0.0
929,0.855012178421,0.56186825037,929,126.0
930,0.770482182503,0.648495495319,930,0.0
934,0.709590017796,0.742159485817,934,0.0
935,0.810644865036,0.641531646252,935,0.0
942,0.912569403648,0.601722180843,942,0.0
