,b1,b2,error,s,significance,vor_point,vor_region,total_sig,lag_sig,update,vor_label
0,0.0,0.0,0.0,0.00338119454682,0.219560768495,552,40,1.81752600876,1.81752600876,1.0,0
1,0.0,0.0,0.0,0.00315433647484,0.211034298253,542,288,1.82000996994,1.81752600876,1.0,0
2,9.53848825702e-07,0.0,0.0,0.00260088779032,0.188999144794,367,469,1.82300132358,1.82000996994,1.0,0
3,0.0,0.0,0.0,0.00242405943573,0.181526368423,543,830,1.82625031811,1.82300132358,1.0,0
4,0.0,0.0,0.0,0.00231367372908,0.176737993911,859,607,1.82966653714,1.82625031811,1.0,0
5,0.0,0.0,0.0,0.00226121069863,0.174426637762,905,623,1.83323188903,1.82966653714,1.0,0
6,0.0,0.0,0.0,0.00223499629647,0.173262782213,643,518,1.83693340995,1.83323188903,1.0,0
7,0.0,0.0,0.0,0.00213739392348,0.168875131846,932,210,1.84065675945,1.83693340995,1.0,0
8,0.0,0.0,0.0,0.00208124984056,0.166310832326,680,502,1.84442138395,1.84065675945,1.0,0
9,0.0,0.0,0.0,0.00204139854759,0.164471994032,655,899,1.84822874002,1.84442138395,1.0,0
10,0.0,0.0,0.0,0.0020186540205,0.163415357095,864,608,1.85208810576,1.84822874002,1.0,0
11,0.0,0.0,0.0,0.00201288820244,0.163146657339,901,84,1.85601366539,1.85208810576,1.0,0
12,0.0,0.0,0.0,0.00200996361673,0.163010234623,575,943,1.86000271901,1.85601366539,1.0,0
13,0.0,0.0,0.0,0.00193590659183,0.159525821769,671,274,1.86394247316,1.86000271901,1.0,0
14,0.0,0.0,0.0,0.00192984740715,0.159238138324,904,620,1.86792613193,1.86394247316,1.0,0
15,0.0,0.0,0.0,0.00190574768931,0.158089922504,559,839,1.87192103959,1.86792613193,1.0,0
16,0.0,0.0,0.0,0.00187788030598,0.156754137393,775,393,1.87591589758,1.87192103959,1.0,0
17,0.0,0.0,0.0,0.00186869152822,0.156311761112,530,506,1.87993625127,1.87591589758,1.0,0
18,0.0,0.0,0.0,0.00182953942567,0.154415949069,313,426,1.88392925062,1.87993625127,1.0,0
19,0.0,0.0,0.0,0.00175568519626,0.150790138677,265,872,1.88783099214,1.88392925062,1.0,0
20,0.0,0.0,0.0,0.00174484378658,0.150252243369,602,346,1.89174324666,1.88783099214,1.0,0
21,0.0,0.0,0.0,0.00174257718027,0.150139598972,865,99,1.89567877184,1.89174324666,1.0,0
22,0.0,0.0,0.0,0.00174207787495,0.150114776082,587,41,1.89963909561,1.89567877184,1.0,0
23,0.0,0.0,0.0,0.00173504150007,0.149764627904,461,717,1.90361125073,1.89963909561,1.0,0
24,0.0,0.0,0.0,0.00173429399729,0.1497273933,937,104,1.90760490612,1.90361125073,1.0,0
25,0.0,0.0,0.0,0.00171065400355,0.148546146392,359,237,1.91157756407,1.90760490612,1.0,0
26,0.0,0.0,0.0,0.00170885352418,0.148455884319,827,190,1.91556690396,1.91157756407,1.0,0
27,0.0,0.0,0.0,0.00170816550963,0.148421381482,890,177,1.91957391336,1.91556690396,1.0,0
28,0.0,0.0,0.0,0.00170295033604,0.148159648365,712,290,1.92358929297,1.91957391336,1.0,0
29,0.0,0.0,0.0,0.00170237361453,0.148130682744,633,693,1.92762060923,1.92358929297,1.0,0
30,0.0,0.0,0.0,0.00170153693762,0.148088653232,590,837,1.93166654539,1.92762060923,1.0,0
31,0.0,0.0,0.0,0.00167488411535,0.146744953359,302,260,1.93567774806,1.93166654539,1.0,0
32,0.0,0.0,0.0,0.00167334673461,0.146667158636,234,324,1.93970020812,1.93567774806,1.0,0
33,0.0,0.0,0.0,0.0016581476666,0.145896343435,715,674,1.94370718593,1.93970020812,1.0,0
34,0.0,0.0,0.0,0.0016555080656,0.145762158713,830,768,1.94772170831,1.94370718593,1.0,0
35,0.0,0.0,0.0,0.00164864875842,0.14541302066,354,554,1.95173500178,1.94772170831,1.0,0
36,0.0,0.0,0.0,0.00163252674975,0.144589870773,679,689,1.95572838651,1.95173500178,1.0,0
37,0.0,0.0,0.0,0.00160904868972,0.143384675279,724,79,1.95968653824,1.95572838651,1.0,0
38,0.0,0.0,0.0,0.00160431535915,0.14314075947,803,97,1.96364517695,1.95968653824,1.0,0
39,0.0,0.0,0.0,0.0016010828549,0.142974000501,772,920,1.9676067245,1.96364517695,1.0,0
40,0.0,0.0,0.0,0.00158817297779,0.142306512916,566,515,1.97155154049,1.9676067245,1.0,0
41,0.0,0.0,0.0,0.00157999282237,0.141882326077,791,673,1.97548836016,1.97155154049,1.0,0
42,0.0,0.0,0.0,0.00157015107106,0.141370686279,934,788,1.97941333021,1.97548836016,1.0,0
43,0.0,0.0,0.0,0.00153305893764,0.139429515343,873,173,1.98327107058,1.97941333021,1.0,0
44,0.0,0.0,0.0,0.00152479298413,0.138994106761,908,180,1.98711872216,1.98327107058,1.0,0
45,0.0,0.0,0.0,0.00151914916933,0.138696219302,656,283,1.99096117464,1.98711872216,1.0,0
46,0.0,0.0,0.0,0.00150355510414,0.137870591284,816,199,1.99477776418,1.99096117464,1.0,0
47,0.0,0.0,0.0,0.00150175590534,0.137775089576,666,690,1.99859619664,1.99477776418,1.0,0
48,0.0,0.0,0.0,0.00149305281229,0.137312412342,549,579,2.00240203049,1.99859619664,1.0,0
49,0.0,0.0,0.0,0.0014916411601,0.137237253274,918,420,2.0062099126,2.00240203049,1.0,0
50,0.0,0.0,0.0,0.00147214310709,0.136195903629,739,596,2.00998223667,2.0062099126,1.0,0
51,0.0,0.0,0.0,0.00146031263284,0.135561090198,578,356,2.01373436891,2.00998223667,1.0,0
52,0.0,0.0,0.0,0.00145923742093,0.135503282744,424,916,2.01748833085,2.01373436891,1.0,0
53,0.0,0.0,0.0,0.00145440094639,0.135243022507,485,729,2.02123607942,2.01748833085,1.0,0
54,0.0,0.0,0.0,0.0014527029125,0.135151557269,402,582,2.02498393642,2.02123607942,1.0,0
55,0.0,0.0,0.0,0.00144393870141,0.134678716573,589,939,2.02871690833,2.02498393642,1.0,0
56,0.0,0.0,0.0,0.00143752410077,0.134331836247,769,669,2.03243965785,2.02871690833,1.0,0
57,0.0,0.0,0.0,0.00141909881495,0.133331635383,826,189,2.0361266307,2.03243965785,1.0,0
58,0.0,0.0,0.0,0.00141274684574,0.132985495988,935,215,2.03980296825,2.0361266307,1.0,0
59,0.0,0.0,0.0,0.00141018687282,0.132845800462,897,624,2.04347650141,2.03980296825,1.0,0
60,0.0,0.0,0.0,0.00140572106466,0.13260183672,44,740,2.04714302676,2.04347650141,1.0,0
61,0.0,0.0,0.0,0.00140223093331,0.132410935071,763,882,2.05080444876,2.04714302676,1.0,0
62,0.0,0.0,0.0,0.00140003417619,0.132290670203,304,427,2.05446336785,2.05080444876,1.0,0
63,0.0,0.0,0.0,0.00139400816988,0.131960338578,881,625,2.05811147606,2.05446336785,1.0,0
64,0.0,0.0,0.0,0.00138645141851,0.131545202493,166,635,2.06174533048,2.05811147606,1.0,0
65,0.0,0.0,0.0,0.00138639414217,0.131542052162,232,130,2.06538081994,2.06174533048,1.0,0
66,0.0,0.0,0.0,0.00137659779284,0.131002381928,626,682,2.06899694753,2.06538081994,1.0,0
67,0.0,0.0,0.0,0.00137483514845,0.130905099975,820,188,2.0726107968,2.06899694753,1.0,0
68,0.0,0.0,0.0,0.00137071486097,0.130677482492,409,153,2.0762171847,2.0726107968,1.0,0
69,0.0,0.0,0.0,0.00136978516821,0.130626081622,749,397,2.079822864,2.0762171847,1.0,0
70,0.0,0.0,0.0,0.00136702111922,0.130473171791,467,572,2.08342378139,2.079822864,1.0,0
71,0.0,0.0,0.0,0.00135899870656,0.130028589461,875,612,2.08700847048,2.08342378139,1.0,0
72,0.0,0.0,0.0,0.00135752093047,0.129946568512,940,208,2.09059095291,2.08700847048,1.0,0
73,0.0,0.0,0.0,0.00135467550717,0.129788528001,323,590,2.09416817703,2.09059095291,1.0,0
74,0.0,0.0,0.0,0.00135101680644,0.129585100921,536,702,2.09773828461,2.09416817703,1.0,0
75,0.0,0.0,0.0,0.00134746695403,0.129387493342,405,581,2.1013014155,2.09773828461,1.0,0
76,0.0,0.0,0.0,0.00133981567342,0.12896079094,783,761,2.10484855896,2.1013014155,1.0,0
77,0.0,0.0,0.0,0.00133435346652,0.128655512176,805,531,2.10838436426,2.10484855896,1.0,0
78,0.0,0.0,0.0,0.00133109511808,0.128473142797,206,430,2.11191353995,2.10838436426,1.0,0
79,0.0,0.0,0.0,0.00133039988577,0.128434205233,363,342,2.11544159908,2.11191353995,1.0,0
80,0.0,0.0,0.0,0.00132335477974,0.128039125379,825,408,2.11895460565,2.11544159908,1.0,0
81,0.0,0.0,0.0,0.00131290254649,0.127451264426,751,403,2.12244499987,2.11895460565,1.0,0
82,0.0,0.0,0.0,0.00130249129143,0.126863651747,183,242,2.12591274495,2.12244499987,1.0,0
83,0.0,0.0,0.0,0.00130142935086,0.126803599405,809,533,2.12937826465,2.12591274495,1.0,0
84,0.0,0.0,0.0,0.00129689800087,0.126547109977,720,910,2.13283387757,2.12937826465,1.0,0
85,0.0,0.0,0.0,0.00129672326148,0.126537211238,637,499,2.13628909762,2.13283387757,1.0,0
86,0.0,0.0,0.0,0.00129502976779,0.126441246717,834,412,2.13974053234,2.13628909762,1.0,0
87,0.0,0.0,0.0,0.00127497559879,0.125300606122,877,614,2.14314764431,2.13974053234,1.0,0
88,0.0,0.0,0.0,0.00127204670571,0.125133356313,782,671,2.1465481024,2.14314764431,1.0,0
89,0.0,0.0,0.0,0.00126590114087,0.12478187057,100,792,2.14993473861,2.1465481024,1.0,0
90,0.0,0.0,0.0,0.00126319809351,0.124627035887,390,557,2.15331511122,2.14993473861,1.0,0
91,0.0,0.0,0.0,0.00126269622706,0.124598272135,658,849,2.15669404835,2.15331511122,1.0,0
92,0.0,0.0,0.0,0.0012622383656,0.124572026067,630,684,2.16007160645,2.15669404835,1.0,0
93,0.0,0.0,0.0,0.0012564919889,0.124242267848,328,333,2.1634360216,2.16007160645,1.0,0
94,0.0,0.0,0.0,0.00125009694602,0.123874502866,387,584,2.16678579709,2.1634360216,1.0,0
95,0.0,0.0,0.0,0.00124589866027,0.123632617448,408,558,2.17012575804,2.16678579709,1.0,0
96,0.0,0.0,0.0,0.00124102365226,0.123351291134,341,375,2.17345435384,2.17012575804,1.0,0
97,0.0,0.0,0.0,0.00123632291798,0.123079560044,407,559,2.17677192602,2.17345435384,1.0,0
98,0.0,0.0,0.0,0.00123389833607,0.1229392264,619,845,2.18008350168,2.17677192602,1.0,0
99,0.0,0.0,0.0,0.00123179156799,0.12281718894,604,836,2.18338975375,2.18008350168,1.0,0
100,0.0,0.0,0.0,0.00123041786719,0.122737565859,172,637,2.18669228292,2.18338975375,1.0,0
101,0.0,0.0,0.0,0.00122339022346,0.122329611842,933,207,2.18997844513,2.18669228292,1.0,0
102,0.0,0.0,0.0,0.00122306449339,0.122310678232,336,384,2.19326315834,2.18997844513,1.0,0
103,0.0,0.0,0.0,0.00122234784067,0.122269013755,768,390,2.19654552168,2.19326315834,1.0,0
104,0.0,0.0,0.0,0.00121303345077,0.121726514667,651,843,2.19980629783,2.19654552168,1.0,0
105,0.0,0.0,0.0,0.00120863958728,0.121469965271,490,573,2.20305644186,2.19980629783,1.0,0
106,0.0,0.0,0.0,0.00120798428543,0.121431668238,755,597,2.20630428987,2.20305644186,1.0,0
107,0.0,0.0,0.0,0.00120107131079,0.121027102272,382,231,2.20953580566,2.20630428987,1.0,0
108,0.0,0.0,0.0,0.00120018969756,0.120975434197,572,516,2.212764469,2.20953580566,1.0,0
109,0.0,0.0,0.0,0.0011877642246,0.120245436155,819,191,2.21596436499,2.212764469,1.0,0
110,0.0,0.0,0.0,0.00118524790742,0.120097193245,470,912,2.21915769118,2.21596436499,1.0,0
111,0.0,0.0,0.0,0.00117983378004,0.119777761811,305,302,2.22233791296,2.21915769118,1.0,0
112,0.0,0.0,0.0,0.00117299798876,0.119373528998,319,378,2.2255018027,2.22233791296,1.0,0
113,0.0,0.0,0.0,0.00117166514974,0.11929459113,456,715,2.22866171717,2.2255018027,1.0,0
114,0.0,0.0,0.0,0.00116702099331,0.119019229806,592,520,2.23181018217,2.22866171717,1.0,0
115,0.0,0.0,0.0,0.00116370851174,0.118822531171,761,391,2.23495017495,2.23181018217,1.0,0
116,0.0,0.0,0.0,0.0011543527944,0.11826564297,229,319,2.23806804679,2.23495017495,1.0,0
117,0.0,0.0,0.0,0.00115346955135,0.118212966455,627,687,2.24118288644,2.23806804679,1.0,0
118,0.0,0.0,0.0,0.00114878627937,0.117933359357,411,159,2.24428610014,2.24118288644,1.0,0
119,0.0,0.0,0.0,0.00114471348934,0.117689791788,860,606,2.24737904703,2.24428610014,1.0,0
120,0.0,0.0,0.0,0.00114292139187,0.117582497018,676,826,2.25046686367,2.24737904703,1.0,0
121,0.0,0.0,0.0,0.00113306648564,0.116991144813,902,184,2.25353130153,2.25046686367,1.0,0
122,0.0,0.0,0.0,0.0011251764372,0.116516061755,317,425,2.25657677181,2.25353130153,1.0,0
123,0.0,0.0,0.0,0.0011251012329,0.11651152644,55,741,2.25962096134,2.25657677181,1.0,0
124,0.0,0.0,0.0,0.00112414278556,0.116453714054,734,495,2.26266185611,2.25962096134,1.0,0
125,0.0,0.0,0.0,0.0011189065408,0.116137486274,833,192,2.26568974966,2.26266185611,1.0,0
126,0.0,0.0,0.0,0.00111410475802,0.115846923555,884,58,2.26870561093,2.26568974966,1.0,0
127,0.0,0.0,0.0,0.00111238041427,0.115742446608,494,754,2.2717164087,2.26870561093,1.0,0
128,0.0,0.0,0.0,0.00110449083149,0.115263509737,621,510,2.27470813655,2.2717164087,1.0,0
129,0.0,0.0,0.0,0.00109440693632,0.11464916992,869,164,2.27767577883,2.27470813655,1.0,0
130,0.0,0.0,0.0,0.00108923460357,0.11433309031,836,196,2.28063048474,2.27767577883,1.0,0
131,0.0,0.0,0.0,0.00108674820513,0.114180912312,87,52,2.28357835821,2.28063048474,1.0,0
132,0.0,0.0,0.0,0.00108250358608,0.113920769462,846,407,2.28651538581,2.28357835821,1.0,0
133,0.0,0.0,0.0,0.00108003115747,0.113769033223,554,678,2.28944559605,2.28651538581,1.0,0
134,0.0,0.0,0.0,0.00106942735147,0.113116523471,941,45,2.29235043618,2.28944559605,1.0,0
135,0.0,0.0,0.0,0.00106915296055,0.113099601029,685,897,2.29525346128,2.29235043618,1.0,0
136,0.0,0.0,0.0,0.00106536503881,0.112865793974,707,401,2.29814664486,2.29525346128,1.0,0
137,0.0,0.0,0.0,0.00106426049024,0.112797547599,104,145,2.30103610601,2.29814664486,1.0,0
138,0.0,0.0,0.0,0.00105548882857,0.112254465879,736,592,2.30390432549,2.30103610601,1.0,0
139,0.0,0.0,0.0,0.0010530706495,0.112104400038,660,501,2.30676581249,2.30390432549,1.0,0
140,0.0,0.0,0.0,0.00105139589868,0.112000380578,683,677,2.30962226118,2.30676581249,1.0,0
141,0.0,0.0,0.0,0.00104410550557,0.111546719968,793,926,2.31246082122,2.30962226118,1.0,0
142,0.0,0.0,0.0,0.00104277732316,0.111463921127,717,905,2.31529512881,2.31246082122,1.0,0
143,0.0,0.0,0.0,0.00103802781086,0.111167456675,582,286,2.3181173474,2.31529512881,1.0,0
144,0.0,0.0,0.0,0.00103469751775,0.110959224068,688,911,2.32093072137,2.3181173474,1.0,0
145,0.0,0.0,0.0,0.00103162159212,0.110766634372,290,587,2.32373582912,2.32093072137,1.0,0
146,0.0,0.0,0.0,0.0010220259428,0.110164204189,735,594,2.32651771655,2.32373582912,1.0,0
147,0.0,0.0,0.0,0.00101916096173,0.109983854713,723,80,2.32929181468,2.32651771655,1.0,0
148,0.0,0.0,0.0,0.00101763522252,0.109887719085,544,504,2.33206119411,2.32929181468,1.0,0
149,0.0,0.0,0.0,0.0010124805849,0.109562459976,866,162,2.33481752098,2.33206119411,1.0,0
150,0.0,0.0,0.0,0.00100663490593,0.109192714159,209,881,2.33755920158,2.33481752098,1.0,0
151,0.0,0.0,0.0,0.000990997534245,0.108198967734,647,55,2.34026368806,2.33755920158,1.0,0
152,0.0,0.0,0.0,0.000986078521237,0.10788494529,711,676,2.34295564035,2.34026368806,1.0,0
153,0.0,0.0,0.0,0.000985736609437,0.107863092604,936,211,2.34564560869,2.34295564035,1.0,0
154,0.0,0.0,0.0,0.000985232414678,0.107830861816,640,686,2.34833321544,2.34564560869,1.0,0
155,0.0,0.0,0.0,0.000976819079369,0.107291963756,795,923,2.35100022189,2.34833321544,1.0,0
156,0.0,0.0,0.0,0.000975495320745,0.107206987942,450,752,2.35366297971,2.35100022189,1.0,0
157,0.0,0.0,0.0,0.00097313610604,0.10705541762,930,214,2.35631909815,2.35366297971,1.0,0
158,0.0,0.0,0.0,0.000972050183918,0.106985597142,879,778,2.35897151434,2.35631909815,1.0,0
159,0.0,0.0,0.0,0.00096874992596,0.106773193156,857,410,2.36161511731,2.35897151434,1.0,0
160,0.0,0.0,0.0,0.000968682928942,0.106768877953,652,278,2.36425736798,2.36161511731,1.0,0
161,0.0,0.0,0.0,0.000961600919254,0.106311991913,832,413,2.36688207321,2.36425736798,1.0,0
162,0.0,0.0,0.0,0.000958482094575,0.106110316848,928,216,2.36949838256,2.36688207321,1.0,0
163,0.0,0.0,0.0,0.00095355254598,0.10579096497,501,864,2.37210211125,2.36949838256,1.0,0
164,0.0,0.0,0.0,0.000947717693634,0.105412026509,798,94,2.3746911631,2.37210211125,1.0,0
165,0.0,0.0,0.0,0.000938645272981,0.104820787358,876,617,2.37725803657,2.3746911631,1.0,0
166,0.0,0.0,0.0,0.000934611423872,0.104557100937,788,928,2.37981439603,2.37725803657,1.0,0
167,0.0,0.0,0.0,0.000927178072743,0.104069882692,644,848,2.38235235694,2.37981439603,1.0,0
168,0.0,0.0,0.0,0.000926562875975,0.10402948302,888,774,2.38488773483,2.38235235694,1.0,0
169,0.0,0.0,0.0,0.000925603206269,0.103966438468,548,503,2.38741972976,2.38488773483,1.0,0
170,0.0,0.0,0.0,0.000915771699511,0.10331890745,924,789,2.38992775201,2.38741972976,1.0,0
171,0.0,0.0,0.0,0.000908578629605,0.102843217562,434,360,2.39241791583,2.38992775201,1.0,0
172,0.0,0.0,0.0,0.000905463297386,0.102636682914,811,924,2.39489970107,2.39241791583,1.0,0
173,0.0,0.0,0.0,0.000901456223801,0.102370570376,433,364,2.39737103413,2.39489970107,1.0,0
174,0.0,0.0,0.0,0.000897422141861,0.102102139615,579,940,2.39983185269,2.39737103413,1.0,0
175,0.0,0.0,0.0,0.000895987672266,0.102006561469,764,883,2.40228821027,2.39983185269,1.0,0
176,0.0,0.0,0.0,0.000881842279341,0.101060440289,371,743,2.40471048395,2.40228821027,1.0,0
177,0.0,0.0,0.0,0.000878228573129,0.100817671098,599,352,2.4071232249,2.40471048395,1.0,0
178,0.0,0.0,0.0,0.000875990837812,0.1006671202,939,209,2.40952964733,2.4071232249,1.0,0
179,0.0,0.0,0.0,0.000853647070471,0.0991545174536,236,642,2.41188271124,2.40952964733,1.0,0
180,0.0,0.0,0.0,0.000852351542562,0.099066285311,843,411,2.41423168143,2.41188271124,1.0,0
181,0.0,0.0,0.0,0.000828999094665,0.0974656580188,801,38,2.41652473598,2.41423168143,1.0,0
182,0.0,0.0,0.0,0.000813987106085,0.0964262607598,741,405,2.41878137579,2.41652473598,1.0,0
183,0.0,0.0,0.0,0.000807678326964,0.0959869525498,557,505,2.42102211769,2.41878137579,1.0,0
184,0.0,0.0,0.0,0.00080381531734,0.0957172123702,577,700,2.42325274266,2.42102211769,1.0,0
185,0.0,0.0,0.0,0.000803344359156,0.0956842882705,601,287,2.42548127579,2.42325274266,1.0,0
186,0.0,0.0,0.0,0.000795251457021,0.095117197433,943,46,2.42768968415,2.42548127579,1.0,0
187,0.0,0.0,0.0,0.000749591039494,0.0918691228046,303,470,2.4297884948,2.42768968415,1.0,0
188,0.0,0.0,0.0,0.000749221770093,0.0918425072821,931,419,2.43188553336,2.4297884948,1.0,0
189,0.0,0.0,0.0,0.000742828880902,0.0913808196844,848,772,2.43396639285,2.43188553336,1.0,0
190,0.0,0.0,0.0,0.000734171655495,0.0907528263031,900,776,2.43602563908,2.43396639285,1.0,0
191,0.0,0.0,0.0,0.00072383810766,0.0899989801843,581,357,2.438059225,2.43602563908,1.0,0
192,0.0,0.0,0.0,0.000651855603792,0.0846112754451,914,787,2.43991757202,2.438059225,1.0,0
193,0.0,0.0,0.0,0.000485577125801,0.0710643082617,927,74,2.44135932021,2.43991757202,1.0,0
194,0.0,0.0,0.0,0.000379717181204,0.0613600184412,916,183,2.44252411528,2.44135932021,1.0,0
195,0.0,0.0,0.0,0.000370515015675,0.060464175498,732,593,2.44366403114,2.44252411528,1.0,0
196,0.0,0.0,0.0,0.000363612372894,0.0597858809389,277,429,2.44478515946,2.44366403114,1.0,0
197,0.0,0.0,0.0,0.000338671845384,0.0572875007831,840,103,2.44583879108,2.44478515946,1.0,0
198,0.0,0.0,0.0,0.000325172964949,0.0559022275516,925,181,2.44685548284,2.44583879108,1.0,0
199,0.0,0.0,0.0,0.000321230909321,0.0554930460187,766,672,2.44786117204,2.44685548284,1.0,0
200,0.0,0.0,0.0,0.000293547927868,0.0525563916876,692,822,2.44879057688,2.44786117204,1.0,0
201,0.0,0.0,0.0,0.000281001121039,0.0511864067659,565,569,2.44968496697,2.44879057688,1.0,0
202,0.0,0.0,0.0,0.000276219390798,0.0506574139443,896,777,2.45056583678,2.44968496697,1.0,0
203,0.0,0.0,0.0,0.000242668305873,0.0468291766768,913,782,2.4513520942,2.45056583678,1.0,0
204,0.0,0.0,0.0,0.000242120499024,0.0467648558032,903,83,2.45213663635,2.4513520942,1.0,0
205,0.0,0.0,0.0,0.000231834186707,0.045545321693,620,894,2.45289170782,2.45213663635,1.0,0
206,0.0,0.0,0.0,0.000229439654504,0.0452581382086,895,101,2.45363978307,2.45289170782,1.0,0
207,0.0,0.0,0.0,0.000221624213737,0.0443117970966,322,335,2.45436529297,2.45363978307,1.0,0
208,0.0,0.0,0.0,0.00021509565704,0.0435103284396,477,865,2.45507185485,2.45436529297,1.0,0
209,0.0,0.0,0.0,0.000199369183974,0.0415360052895,710,487,2.45573264573,2.45507185485,1.0,0
210,0.0,0.0,0.0,0.000195198692381,0.0410014461953,721,490,2.45638113705,2.45573264573,1.0,0
211,0.0,0.0,0.0,0.000193675732589,0.040805032086,737,489,2.45702505937,2.45638113705,1.0,0
212,0.0,0.0,0.0,0.000192833555047,0.0406961360789,571,570,2.45766640507,2.45702505937,1.0,0
213,0.0,0.0,0.0,0.000190454229596,0.0403873867063,915,85,2.45830066576,2.45766640507,1.0,0
214,0.0,0.0,0.0,0.00018886369071,0.0401800797533,844,770,2.45893015033,2.45830066576,1.0,0
215,0.0,0.0,0.0,0.000183450247278,0.0394688925727,861,203,2.45954359914,2.45893015033,1.0,0
216,0.0,0.0,0.0,0.000182713018148,0.0393713553588,693,691,2.46015477341,2.45954359914,1.0,0
217,0.0,0.0,0.0,0.000178394300747,0.0387965947812,802,167,2.46075308956,2.46015477341,1.0,0
218,0.0,0.0,0.0,0.000172798958374,0.0380430953889,920,213,2.46133471945,2.46075308956,1.0,0
219,0.0,0.0,0.0,0.000169729551999,0.0376253672277,849,102,2.46190712789,2.46133471945,1.0,0
220,0.0,0.0,0.0,0.000169164297404,0.037548092149,108,482,2.46247776443,2.46190712789,1.0,0
221,0.0,0.0,0.0,0.000168801911059,0.0374984934332,757,404,2.46304723361,2.46247776443,1.0,0
222,0.0,0.0,0.0,0.000166877129232,0.037234296236,396,374,2.46361087653,2.46304723361,1.0,0
223,0.0,0.0,0.0,0.000159958275617,0.0362737946652,835,75,2.46415373286,2.46361087653,1.0,0
224,0.0,0.0,0.0,0.000159048227943,0.0361461639154,292,458,2.46469377796,2.46415373286,1.0,0
225,0.0,0.0,0.0,0.000158693132107,0.0360962795037,203,432,2.46523267778,2.46469377796,1.0,0
226,0.0,0.0,0.0,0.000151228479808,0.0350364914356,781,396,2.46574901401,2.46523267778,1.0,0
227,0.0,0.0,0.0,0.000145252532093,0.0341720735588,583,514,2.4662471726,2.46574901401,1.0,0
228,0.0,0.0,0.0,0.000144523262861,0.0340655684117,580,512,2.46674304735,2.4662471726,1.0,0
229,0.0,0.0,0.0,0.000142128163134,0.0337141778267,708,293,2.4672315678,2.46674304735,1.0,0
230,0.0,0.0,0.0,0.000141000142321,0.0335478210171,863,409,2.46771658561,2.4672315678,1.0,0
231,0.0,0.0,0.0,0.000140724034281,0.0335070163439,190,756,2.46820069702,2.46771658561,1.0,0
232,0.0,0.0,0.0,0.000139131690958,0.0332710315653,375,380,2.46867988588,2.46820069702,1.0,0
233,0.0,0.0,0.0,0.000136569506139,0.0328889199657,437,653,2.46915118003,2.46867988588,1.0,0
234,0.0,0.0,0.0,0.000132689092425,0.0323044306145,709,276,2.46961051666,2.46915118003,1.0,0
235,0.0,0.0,0.0,0.000132510511321,0.0322773602135,441,749,2.47006924644,2.46961051666,1.0,0
236,0.0,0.0,0.0,0.000131610271637,0.0321406626522,851,166,2.47052515183,2.47006924644,1.0,0
237,0.0,0.0,0.0,0.00013053380826,0.0319766901372,185,110,2.47097768917,2.47052515183,1.0,0
238,0.0,0.0,0.0,0.000130490094307,0.0319700194375,797,95,2.4714300353,2.47097768917,1.0,0
239,0.0,0.0,0.0,0.000129285210278,0.0317857849376,814,200,2.47187861576,2.4714300353,1.0,0
240,0.0,0.0,0.0,0.000127249222714,0.0314728248621,938,212,2.47232086352,2.47187861576,1.0,0
241,0.0,0.0,0.0,0.000126333907247,0.0313314445158,103,483,2.47276023115,2.47232086352,1.0,0
242,0.0,0.0,0.0,0.000125153630506,0.0311485028319,576,938,2.47319589781,2.47276023115,1.0,0
243,0.0,0.0,0.0,0.000124686586787,0.031075912078,777,86,2.47363006734,2.47319589781,1.0,0
244,0.0,0.0,0.0,0.000124632410007,0.0310674842292,874,613,2.47406401687,2.47363006734,1.0,0
245,0.0,0.0,0.0,0.000121658325952,0.0306024493203,373,232,2.47448870156,2.47406401687,1.0,0
246,0.0,0.0,0.0,0.00012086773495,0.030478032584,910,780,2.47491088244,2.47448870156,1.0,0
247,0.0,0.0,0.0,0.000118794101581,0.0301500729318,850,161,2.47532656912,2.47491088244,1.0,0
248,0.0,0.0,0.0,0.000118036965432,0.0300297307276,784,93,2.47573985112,2.47532656912,1.0,0
249,0.0,0.0,0.0,0.000117803530884,0.029992562671,628,685,2.47615235855,2.47573985112,1.0,0
250,0.0,0.0,0.0,0.00011710828403,0.02988168082,151,107,2.47656265284,2.47615235855,1.0,0
251,0.0,0.0,0.0,0.000116305331176,0.0297532784277,391,747,2.47697039719,2.47656265284,1.0,0
252,0.0,0.0,0.0,0.000115839240607,0.0296785746515,399,580,2.47737664131,2.47697039719,1.0,0
253,0.0,0.0,0.0,0.000114868445962,0.0295225738312,926,182,2.47777980932,2.47737664131,1.0,0
254,0.0,0.0,0.0,0.000113790752948,0.0293487485997,144,437,2.47817956477,2.47777980932,1.0,0
255,0.0,0.0,0.0,0.000112716799777,0.0291748413095,789,88,2.47857591635,2.47817956477,1.0,0
256,0.0,0.0,0.0,0.000112455789349,0.0291324710424,595,834,2.47897140694,2.47857591635,1.0,0
257,0.0,0.0,0.0,0.000111784953333,0.02902338434,911,423,2.47936475316,2.47897140694,1.0,0
258,0.0,0.0,0.0,0.000107267915155,0.0282816165902,567,941,2.47974387167,2.47936475316,1.0,0
259,0.0,0.0,0.0,0.00010497438052,0.0279000025874,598,349,2.4801157194,2.47974387167,1.0,0
260,0.0,0.0,0.0,0.000103951526398,0.0277286946586,681,688,2.48048429745,2.4801157194,1.0,0
261,0.0,0.0,0.0,0.00010167198343,0.0273443720258,815,197,2.48084562351,2.48048429745,1.0,0
262,0.0,0.0,0.0,0.0001011119748,0.0272494098579,921,421,2.4812051375,2.48084562351,1.0,0
263,0.0,0.0,0.0,0.000100559052953,0.0271554345698,468,571,2.48156286121,2.4812051375,1.0,0
264,0.0,0.0,0.0,9.6050745924e-05,0.0263810206824,894,176,2.48190620549,2.48156286121,1.0,0
265,0.0,0.0,0.0,8.87611095095e-05,0.0250961441628,942,82,2.48222614599,2.48190620549,1.0,0
266,0.0,0.0,0.0,8.64492467372e-05,0.0246796053,504,721,2.48253859711,2.48222614599,1.0,0
267,0.0,0.0,0.0,7.64517317293e-05,0.0228226455394,853,57,2.48281847007,2.48253859711,1.0,0
268,0.0,0.0,0.0,7.1445145295e-05,0.0218552086064,862,417,2.48308182942,2.48281847007,1.0,0
269,0.0,0.0,0.0,7.13180270395e-05,0.0218302889294,509,868,2.48334474808,2.48308182942,1.0,0
270,0.0,0.0,0.0,6.57369819237e-05,0.0207175776706,919,621,2.48358909722,2.48334474808,1.0,0
271,0.0,0.0,0.0,6.39623976895e-05,0.0203557469436,893,773,2.4838274925,2.48358909722,1.0,0
272,0.0,0.0,0.0,6.17131372564e-05,0.0198911855282,114,226,2.48405831922,2.4838274925,1.0,0
273,0.0,0.0,0.0,6.09186936344e-05,0.0197254567963,593,833,2.48428645535,2.48405831922,1.0,0
274,0.0,0.0,0.0,5.9100715589e-05,0.0193428603128,792,922,2.48450843993,2.48428645535,1.0,0
275,0.00226535651745,0.0,0.15,0.00315505568869,0.0148364733762,502,547,2.48450843993,2.48450843993,0.0,1
276,0.00417775139794,0.0,0.15,0.00286161806434,0.0147871143025,271,136,2.48458516663,2.48450843993,1.0,1
277,0.00406240549638,0.0,0.15,0.00285746436566,0.0147384013791,423,917,2.48470292578,2.48458516663,1.0,1
278,0.00304598838557,0.0,0.15,0.00293693924323,0.0146525643528,287,309,2.48487103158,2.48470292578,1.0,1
279,0.00237442785874,0.0,0.15,0.00291650625877,0.0140546621292,345,589,2.485046118,2.48487103158,1.0,1
280,0.0,0.0,0.0,3.63011822628e-05,0.0140493935601,325,539,2.485046118,2.485046118,0.0,2
281,0.00971199333435,0.0,0.15,0.00256978883408,0.0133687678679,89,799,2.485046118,2.485046118,0.0,3
282,0.00462439283729,0.0,0.15,0.00250369193964,0.0132363698772,730,402,2.48509350454,2.485046118,1.0,3
283,0.00338113657198,0.0,0.15,0.00253599463031,0.0131048313826,868,163,2.48516156639,2.48509350454,1.0,3
284,0.0024987612851,0.0,0.15,0.00262579880655,0.0130150862476,379,809,2.48520388738,2.48516156639,1.0,3
285,0.0,0.0,0.0,3.2006042602e-05,0.0129155625573,421,371,2.48520388738,2.48520388738,0.0,4
286,0.0037114812294,0.0,0.15,0.00237228814512,0.0124702995146,585,348,2.48520388738,2.48520388738,0.0,5
287,0.013801719193,0.0,0.15,0.00247625028715,0.0124165774241,101,66,2.48524514661,2.48520388738,1.0,5
288,0.00386300322134,0.0,0.15,0.00222922838293,0.0118435758869,493,577,2.48533679214,2.48524514661,1.0,5
289,0.00616010068916,0.0,0.15,0.00219772616401,0.0118149938938,623,280,2.48541229646,2.48533679214,1.0,5
290,0.0120277684182,0.0,0.15,0.00225596013479,0.0115659301985,266,126,2.48542980029,2.48541229646,1.0,5
291,0.00462182232878,0.0,0.15,0.00215022987686,0.0115616923922,457,751,2.48543162614,2.48542980029,1.0,5
292,0.00342661468312,0.0,0.15,0.00215798430145,0.0114206380096,686,120,2.48543162614,2.48543162614,0.0,6
293,0.00695035896207,0.0,0.15,0.00206013489515,0.011094605384,180,454,2.48546970345,2.48543162614,1.0,6
294,0.00646708582645,0.0,0.15,0.00205301865935,0.0110857521851,489,726,2.48553290781,2.48546970345,1.0,6
295,0.00424427526013,0.0,0.15,0.00200399919413,0.0108267641986,507,548,2.48560877779,2.48553290781,1.0,6
296,0.0109667625657,0.0,0.15,0.00207480229437,0.0107938739695,353,806,2.48562481669,2.48560877779,1.0,6
297,0.0031941748457,0.0,0.15,0.00200905324891,0.0106762024777,799,532,2.4856363674,2.48562481669,1.0,6
298,0.00182057044003,0.0,0.15,0.00214745989069,0.0105280260971,201,433,2.4856363674,2.4856363674,0.0,7
299,0.00251751957694,0.0,0.15,0.00201484886929,0.0104593715847,719,492,2.48567544366,2.4856363674,1.0,7
300,0.00148296158295,0.0,0.15,0.0022107346449,0.0103711970859,837,602,2.48574382412,2.48567544366,1.0,7
301,0.00766055051645,0.0,0.15,0.00191873754375,0.0103329603218,316,464,2.48583621109,2.48574382412,1.0,7
302,0.00409468682483,0.0,0.15,0.00188061129302,0.0102157647455,419,816,2.48592577645,2.48583621109,1.0,7
303,0.00280493753962,0.0,0.15,0.00192897464149,0.0101931060138,883,172,2.48596822071,2.48592577645,1.0,7
304,0.00155286083464,0.0,0.15,0.00211505871266,0.0101098102813,695,400,2.48596822071,2.48596822071,0.0,8
305,0.0059281627764,0.0,0.15,0.00182906514965,0.00998481385566,224,322,2.48600803782,2.48596822071,1.0,8
306,0.000853040197399,0.0,0.15,0.00250758230686,0.00994182360883,573,358,2.48607159191,2.48600803782,1.0,8
307,0.00296369229909,0.0,0.15,0.00186062010471,0.00992888142361,694,78,2.48618217287,2.48607159191,1.0,8
308,0.00179659097921,0.0,0.15,0.00200094445609,0.00992452428765,742,670,2.48629233314,2.48618217287,1.0,8
309,0.0038442160585,0.0,0.15,0.00180905708112,0.00984363247732,639,694,2.48633111913,2.48629233314,1.0,8
310,0.00367483356967,0.0,0.15,0.00181095697917,0.00983292837997,368,746,2.48633111913,2.48633111913,0.0,9
311,0.0104093942355,0.0,0.15,0.00186847464647,0.00982289795401,134,240,2.48635766133,2.48633111913,1.0,9
312,0.00573417032137,0.0,0.15,0.00178984226659,0.00979336282536,713,47,2.4864114103,2.48635766133,1.0,9
313,0.00704812514595,0.0,0.15,0.00178898160812,0.00972004366777,142,797,2.48645971208,2.4864114103,1.0,9
314,0.00252976245247,0.0,0.15,0.00183916883543,0.00968617372178,758,395,2.48650542347,2.48645971208,1.0,9
315,0.00163801806048,0.0,0.15,0.00197135400958,0.00965512614453,339,544,2.48650542347,2.48650542347,0.0,10
316,0.00103996437974,0.0,0.15,0.00219554197975,0.00952742244942,243,118,2.4865409848,2.48650542347,1.0,10
317,0.0,0.0,0.0,2.03378040169e-05,0.00948326163204,157,639,2.4865409848,2.4865409848,0.0,11
318,0.00195196943242,0.0,0.15,0.00185360037722,0.00944277567147,829,100,2.4865409848,2.4865409848,0.0,12
319,0.0,0.0,0.0,2.01991006179e-05,0.00943844037505,817,187,2.4865409848,2.4865409848,0.0,13
320,0.00463490407855,0.0,0.15,0.00171526672784,0.0094268971133,442,709,2.4865409848,2.4865409848,0.0,14
321,0.00181611976586,0.0,0.15,0.00187228922732,0.00941959136679,31,655,2.48657308921,2.4865409848,1.0,14
322,0.00342638767325,0.0,0.15,0.00172309984919,0.00937455449692,481,124,2.48661942351,2.48657308921,1.0,14
323,0.00320171493514,0.0,0.15,0.00171285844408,0.00928817792199,161,638,2.48666375519,2.48661942351,1.0,14
324,0.00292929266289,0.0,0.15,0.00171532866079,0.00924231392606,531,708,2.4866769809,2.48666375519,1.0,14
325,0.00156305870041,0.0,0.15,0.00188555521891,0.00924208650891,539,508,2.4866769809,2.4866769809,0.0,15
326,0.0104383383878,0.0,0.15,0.00174873590004,0.0092170346876,162,651,2.48670889266,2.4866769809,1.0,15
327,0.0013711102074,3.58732322638e-05,0.146314426136,0.00186836358625,0.00921657872186,365,388,2.48676023675,2.48670889266,1.0,15
328,0.00431667023077,0.0,0.15,0.00166358484421,0.00915902810627,48,313,2.4868376013,2.48676023675,1.0,15
329,0.00220635114238,0.0,0.15,0.00174689211417,0.00913210627934,329,542,2.48691919646,2.4868376013,1.0,15
330,0.0025297273005,0.0,0.15,0.00171248230617,0.00911231297704,670,824,2.48695938276,2.48691919646,1.0,15
331,0.00400275457651,0.0,0.15,0.00165706756525,0.00911060519847,262,448,2.48695938276,2.48695938276,0.0,16
332,0.0,0.0,0.0,1.91842464119e-05,0.00910685944416,428,370,2.48695938276,2.48695938276,0.0,17
333,0.00765446032165,0.0,0.15,0.00167535978835,0.00909431970454,318,540,2.48695938276,2.48695938276,0.0,18
334,0.0066877087811,0.0,0.15,0.00165358080994,0.00905140257432,771,90,2.48698015417,2.48695938276,1.0,18
335,0.00222028652206,0.0,0.15,0.00171593565028,0.00900188952142,0,929,2.48702145456,2.48698015417,1.0,18
336,0.0131420102552,0.0,0.15,0.00174627278466,0.00893563742694,153,67,2.4870249254,2.48702145456,1.0,18
337,0.00442884482618,0.0,0.15,0.00161812617444,0.00893430044207,315,334,2.48703104831,2.4870249254,1.0,18
338,0.0024957084679,0.0,0.15,0.00165174691938,0.0088221235265,406,343,2.48703104831,2.48703104831,0.0,19
339,0.00263016379904,0.0,0.15,0.00163576460909,0.0087903711587,705,121,2.48705715036,2.48703104831,1.0,19
340,0.00528690897044,0.0,0.15,0.00158816063777,0.0087799535601,254,874,2.48710021052,2.48705715036,1.0,19
341,0.00213020430237,0.0,0.15,0.00167140108533,0.00876131421704,631,281,2.48716233984,2.48710021052,1.0,19
342,0.00457561197982,0.0,0.15,0.00157262012362,0.00870669006105,357,234,2.48719678031,2.48716233984,1.0,19
343,0.00795835233293,0.0,0.15,0.00159718061332,0.00866817753017,519,563,2.48719678031,2.48719678031,0.0,20
344,0.00504154659574,0.0,0.15,0.0015641177306,0.00866182306684,110,272,2.48721666732,2.48719678031,1.0,20
345,0.0102705821337,0.0,0.15,0.00162834755611,0.00862318142077,422,812,2.48723871595,2.48721666732,1.0,20
346,0.00492340221536,0.0,0.15,0.00154913763981,0.00858674554888,558,838,2.48726325264,2.48723871595,1.0,20
347,0.00803202579846,0.0,0.15,0.0015810104087,0.0085788736508,29,658,2.48726325264,2.48726325264,0.0,21
348,0.00241608871147,0.0,0.15,0.00160410220269,0.00857573969724,165,634,2.48728669114,2.48726325264,1.0,21
349,0.00951529302983,0.0,0.15,0.00160444865469,0.00857095055397,241,253,2.48730687746,2.48728669114,1.0,21
350,0.0189760791836,0.0,0.15,0.00177791784517,0.00852842774776,358,63,2.48731591598,2.48730687746,1.0,21
351,0.00182247142947,0.0,0.15,0.00165725161787,0.00852500975242,668,898,2.48733569236,2.48731591598,1.0,21
352,0.00472171328147,0.0,0.15,0.00153001002036,0.00849027327765,164,648,2.48733569236,2.48733569236,0.0,22
353,0.00629401172044,0.0,0.15,0.00153992685955,0.00848907879977,231,446,2.48735577068,2.48733569236,1.0,22
354,0.0033818227239,0.0,0.15,0.00154093501624,0.0084808299433,790,921,2.48739379744,2.48735577068,1.0,22
355,0.00348520093848,0.0,0.15,0.00153608678374,0.00846817915275,412,560,2.48742701227,2.48739379744,1.0,22
356,0.00485293043312,0.0,0.15,0.00152456946671,0.00846170289922,669,827,2.48743173185,2.48742701227,1.0,22
357,0.00170624698512,0.0,0.15,0.00165869027842,0.00845011739837,338,332,2.48743173185,2.48743173185,0.0,23
358,0.0114088051632,0.0,0.15,0.00160607008729,0.00840325941814,443,20,2.48745627805,2.48743173185,1.0,23
359,0.00216271000682,0.0,0.15,0.00158517120872,0.00839135811775,622,295,2.4875015153,2.48745627805,1.0,23
360,0.0014635658008,0.0,0.15,0.0016855673166,0.00835245897155,251,325,2.48756939107,2.4875015153,1.0,23
361,0.00305461365496,0.0,0.15,0.00150388234761,0.00825457621995,72,27,2.48762756375,2.48756939107,1.0,23
362,0.00395592570567,0.0,0.15,0.00148609653115,0.00825187469065,454,862,2.48764504878,2.48762756375,1.0,23
363,0.00417218440453,0.0,0.15,0.00147393916268,0.00819796499226,415,158,2.48764504878,2.48764504878,0.0,24
364,0.00683255363765,0.0,0.15,0.0014866393758,0.00817940615188,414,562,2.48766393096,2.48764504878,1.0,24
365,0.00248861080036,0.0,0.15,0.00150675082114,0.00814584076588,222,132,2.4877030656,2.48766393096,1.0,24
366,0.00192976812832,0.0,0.15,0.00155359774362,0.00813904146751,677,275,2.48774380776,2.4877030656,1.0,24
367,0.00890665552288,0.0,0.15,0.00150463765021,0.00811181033576,122,481,2.48774380776,2.48774380776,0.0,25
368,0.00354317948222,0.0,0.15,0.00146315584425,0.00811066409628,744,601,2.48776224721,2.48774380776,1.0,25
369,0.00346985379292,0.0,0.15,0.00145390117541,0.00805815805126,156,241,2.48778566391,2.48776224721,1.0,25
370,0.00460235960781,0.0,0.15,0.00144349911716,0.00804708673894,410,154,2.48779477036,2.48778566391,1.0,25
371,0.00858934156714,0.0,0.15,0.00148451665882,0.00803456530364,386,345,2.48779477036,2.48779477036,0.0,26
372,0.00308512545962,0.0,0.15,0.00145438837353,0.00801690618533,476,725,2.48781356468,2.48779477036,1.0,26
373,0.00104835577076,0.0,0.15,0.00173496478237,0.00800138950484,45,262,2.48785138974,2.48781356468,1.0,26
374,0.00791953585575,0.0,0.15,0.00146150588989,0.0079693496992,223,323,2.48785298023,2.48785138974,1.0,26
375,0.00351792228321,0.0,0.15,0.001434950158,0.00796733962827,495,722,2.48785298023,2.48785298023,0.0,27
376,0.00399899377954,0.0,0.15,0.0014284607023,0.0079612820302,856,605,2.48787260682,2.48785298023,1.0,27
377,0.0081770164179,0.0,0.15,0.00145614228677,0.00792112823137,569,698,2.48790147919,2.48787260682,1.0,27
378,0.00809792277869,0.0,0.15,0.00145475799218,0.00792023920999,123,440,2.48793525211,2.48790147919,1.0,27
379,0.0038242994342,0.0,0.15,0.00142106821295,0.00791659596576,67,478,2.48796269206,2.48793525211,1.0,27
380,0.00255304746679,0.0,0.15,0.00145319290459,0.00790965693043,451,857,2.48796269206,2.48796269206,0.0,28
381,0.0031522194622,0.0,0.15,0.00142617232632,0.00788665563345,342,385,2.48798331081,2.48796269206,1.0,28
382,0.00506805114855,0.0,0.15,0.00141354557127,0.00788549959126,347,387,2.48801720082,2.48798331081,1.0,28
383,0.00758004782255,0.0,0.15,0.00143641931936,0.0078648309568,646,846,2.48805340457,2.48801720082,1.0,28
384,0.0094991179576,0.0,0.15,0.00146207271609,0.00784156551013,147,434,2.48807856749,2.48805340457,1.0,28
385,0.00354986132879,0.0,0.15,0.00140873994678,0.00783800843789,455,353,2.4880928022,2.48807856749,1.0,28
386,0.0155340544152,0.0,0.15,0.00156319886446,0.007811200599,92,793,2.4880928022,2.4880928022,0.0,29
387,0.00185014175076,0.0,0.15,0.00148336659186,0.00778694592458,364,536,2.48811125206,2.4880928022,1.0,29
388,0.00186495287926,0.0,0.15,0.00147159630433,0.0077426162611,52,736,2.4881258908,2.48811125206,1.0,29
389,0.00176554529026,0.0,0.15,0.00148087576963,0.0077289693036,352,744,2.4881258908,2.4881258908,0.0,30
390,0.0071492319912,0.00658905878663,0.143072840581,0.00145380035974,0.00764930873574,155,452,2.48814824714,2.4881258908,1.0,30
391,0.00548245275786,0.0,0.15,0.00136936793569,0.00764156338657,366,230,2.48818380591,2.48814824714,1.0,30
392,0.0107080285088,0.0,0.15,0.00143240427133,0.00758450794722,106,28,2.4882199123,2.48818380591,1.0,30
393,0.0185362895136,0.0,0.15,0.00156801322009,0.00757785717864,148,795,2.48824350765,2.4882199123,1.0,30
394,0.00232732575387,0.0,0.15,0.00139523588587,0.00757412377871,822,186,2.48830888496,2.48824350765,1.0,30
395,0.0018030423962,0.0,0.15,0.0014338598121,0.00754295999879,697,909,2.48830888496,2.48830888496,0.0,31
396,0.00337203312665,0.0,0.15,0.001346842153,0.00751242416233,282,473,2.48832884126,2.48830888496,1.0,31
397,0.00446847546846,0.0,0.15,0.00133826013189,0.00750390341326,163,647,2.48836151592,2.48832884126,1.0,31
398,0.00191551598255,0.0,0.15,0.00141009956133,0.00749195075956,610,351,2.48840922866,2.48836151592,1.0,31
399,0.00246999823139,0.0,0.15,0.0013670665212,0.00747770664909,514,870,2.48845309692,2.48840922866,1.0,31
400,0.00266264087986,0.0,0.15,0.0013575371122,0.00747307700792,289,631,2.48846711456,2.48845309692,1.0,31
401,0.0023926300928,0.0,0.15,0.0013695654925,0.00747029664392,778,528,2.48846711456,2.48846711456,0.0,32
402,0.0133254073735,0.0,0.15,0.00144388352055,0.00741526169863,121,484,2.4884829083,2.48846711456,1.0,32
403,0.00193425465841,0.0,0.15,0.00138592626899,0.00739075081763,667,904,2.48852337753,2.4884829083,1.0,32
404,0.00230918702527,0.0,0.15,0.00134938478004,0.0073517915912,268,758,2.48856698021,2.48852337753,1.0,32
405,0.00349871546496,0.0,0.15,0.00130802614149,0.00732448842625,804,296,2.48859454127,2.48856698021,1.0,32
406,0.00225742906332,0.0,0.15,0.00134583248291,0.00732023708802,700,289,2.48859822724,2.48859454127,1.0,32
407,0.00283430665149,0.0,0.15,0.00131807802245,0.00730847412178,351,468,2.48859822724,2.48859822724,0.0,33
408,0.00161072786432,0.0,0.15,0.00140571326483,0.00730827343324,540,831,2.48861741452,2.48859822724,1.0,33
409,0.00141381879803,0.0,0.15,0.00143608939834,0.0072945583437,754,598,2.48865428076,2.48861741452,1.0,33
410,0.00253887777216,0.0,0.15,0.00132353778463,0.00728300123451,586,701,2.48869293687,2.48865428076,1.0,33
411,0.00722734024749,0.0,0.15,0.00131982739549,0.00728029147971,418,369,2.48870515212,2.48869293687,1.0,33
412,0.00153498642612,0.0,0.15,0.00140418065712,0.00725159887275,767,529,2.48871547392,2.48870515212,1.0,33
413,0.00150250573643,0.0,0.15,0.00140797975473,0.00724489651665,299,472,2.48871547392,2.48871547392,0.0,34
414,0.00471995142288,0.0,0.15,0.00128898129333,0.00724413058318,516,731,2.48873507196,2.48871547392,1.0,34
415,0.0037511617411,0.0,0.15,0.00128829339519,0.00723544847516,529,724,2.48876554078,2.48873507196,1.0,34
416,0.0110561865731,0.0,0.15,0.00136905279942,0.00723072886742,127,6,2.48879880501,2.48876554078,1.0,34
417,0.00168242829386,0.0,0.15,0.00137745263055,0.00722785929669,664,500,2.4888628987,2.48879880501,1.0,34
418,0.00651268602815,0.0,0.15,0.00129967019893,0.00722139624007,112,800,2.48887005478,2.4888628987,1.0,34
419,0.00390787504147,0.0,0.15,0.00128230894916,0.00720918147078,267,129,2.48887005478,2.48887005478,0.0,35
420,0.0017282073386,0.0,0.15,0.00136540073436,0.00719961910739,472,156,2.48888850833,2.48887005478,1.0,35
421,0.00490594143048,0.0,0.15,0.00128097936977,0.00719799183974,118,480,2.48891434825,2.48888850833,1.0,35
422,0.00363382452633,0.0,0.15,0.00127855257597,0.00718076288023,753,763,2.48894325101,2.48891434825,1.0,35
423,0.0020008047868,0.0,0.15,0.00132421404123,0.00713424073423,76,661,2.48895915448,2.48894325101,1.0,35
424,0.0153475491534,0.0,0.15,0.00141392147634,0.00709735912416,417,552,2.48895915448,2.48895915448,0.0,36
425,0.00301873361968,0.0,0.15,0.00126569007989,0.00707050650637,525,359,2.48897183927,2.48895915448,1.0,36
426,0.00612390762399,0.0,0.15,0.00126658030786,0.00706968524011,24,889,2.48897923444,2.48897183927,1.0,36
427,0.00152464467101,0.0,0.15,0.00136146938894,0.0070614213747,871,616,2.4889829367,2.48897923444,1.0,36
428,0.00370967760682,0.0,0.15,0.00125031976495,0.00703835414374,810,96,2.4889829367,2.4889829367,0.0,37
429,0.00483178906143,0.0,0.15,0.00124654814135,0.00701900110321,535,355,2.48899772757,2.4889829367,1.0,37
430,0.0153785765797,0.0,0.15,0.00139747047797,0.00701415878098,69,224,2.48901524419,2.48899772757,1.0,37
431,0.0011525755981,0.0,0.15,0.00142268603668,0.00698879583595,632,844,2.48906932519,2.48901524419,1.0,37
432,0.00164703321934,0.0,0.15,0.00132650404703,0.00698317802235,650,903,2.48908354669,2.48906932519,1.0,37
433,0.00190331555496,0.0,0.15,0.0012975129066,0.00697322997454,522,707,2.48908354669,2.48908354669,0.0,38
434,0.0509086630591,0.0088755460456,0.133014049695,0.00194836431183,0.00695369598417,27,1,2.4890901396,2.48908354669,1.0,38
435,0.00896479556104,0.0,0.15,0.00127993081696,0.00694073616442,159,329,2.48915250832,2.4890901396,1.0,38
436,0.00753485276074,0.000168037702679,0.146829086289,0.00123942701612,0.00693338241598,80,664,2.48919446454,2.48915250832,1.0,38
437,0.00416913954541,0.0,0.15,0.0012279964285,0.0069300873432,439,719,2.48923377975,2.48919446454,1.0,38
438,0.00174331339076,0.0,0.15,0.00130300980527,0.00692798809981,187,636,2.48925138333,2.48923377975,1.0,38
439,0.00197500456125,0.0,0.15,0.00127723102923,0.00690639802647,821,195,2.48925138333,2.48925138333,0.0,39
440,0.00202700146474,0.0,0.15,0.00127040571533,0.0068925212654,186,238,2.48926797689,2.48925138333,1.0,39
441,0.00263655674644,0.0,0.15,0.00123752153013,0.00687906401009,794,759,2.48929726806,2.48926797689,1.0,39
442,0.00149603420869,0.0,0.15,0.00132321147248,0.00687755063973,413,363,2.48933979082,2.48929726806,1.0,39
443,0.00412286201026,0.0,0.15,0.00121772638522,0.00687628271837,403,805,2.48936733728,2.48933979082,1.0,39
444,0.0059977939818,0.0,0.15,0.00122830702458,0.00687409970128,716,766,2.48936917489,2.48936733728,1.0,39
445,0.00388444773852,0.0,0.15,0.00121725467034,0.00687138690617,889,610,2.48936917489,2.48936917489,0.0,40
446,0.00455188879278,0.0,0.15,0.00121036241762,0.00683449891328,195,254,2.48938322496,2.48936917489,1.0,40
447,0.00406098156236,0.0,0.15,0.00120860827155,0.00682832438384,227,646,2.48940728576,2.48938322496,1.0,40
448,0.00672182568815,0.0,0.15,0.00122682424262,0.00682331887927,348,331,2.48942740347,2.48940728576,1.0,40
449,0.00868311375962,0.0,0.15,0.00125055969693,0.00680885358964,82,667,2.48943509447,2.48942740347,1.0,40
450,0.00330788410792,0.0,0.15,0.00120884634089,0.00680587328122,96,227,2.48943509447,2.48943509447,0.0,41
451,0.00178047642112,0.0,0.15,0.0012681792723,0.00678710710972,800,394,2.48945128645,2.48943509447,1.0,41
452,0.00367017592362,0.0,0.15,0.00120047677774,0.00677913784721,18,891,2.48947656867,2.48945128645,1.0,41
453,0.00119178499153,0.0,0.15,0.00135873723775,0.00677747909991,50,479,2.48951471863,2.48947656867,1.0,41
454,0.00623050797731,0.0,0.15,0.00121086032595,0.00676853890094,310,534,2.48951937914,2.48951471863,1.0,41
455,0.00536073220429,0.0,0.15,0.00120184582192,0.00676465619293,401,802,2.48951937914,2.48951937914,0.0,42
456,0.00156809261534,0.0,0.15,0.0012801886769,0.00673401600258,129,267,2.48953595113,2.48951937914,1.0,42
457,0.0142055597098,0.0,0.15,0.00131968478672,0.00672345774969,68,69,2.48954898697,2.48953595113,1.0,42
458,0.0129534827429,0.0,0.15,0.00129529309925,0.00670042110465,158,68,2.48956884701,2.48954898697,1.0,42
459,0.00218953983858,0.0,0.15,0.00121596339159,0.00668159825579,847,204,2.48958561154,2.48956884701,1.0,42
460,0.00217843451537,0.0,0.15,0.00121648004279,0.00668120157373,331,235,2.48958561154,2.48958561154,0.0,43
461,0.00175705419678,0.0,0.15,0.00124629109632,0.00667681384183,796,98,2.48960129074,2.48958561154,1.0,43
462,0.00151931548316,0.0,0.15,0.00127223983873,0.00667040022373,194,444,2.48963106787,2.48960129074,1.0,43
463,0.00124695687555,0.0,0.15,0.00131404655986,0.00664819365578,545,706,2.48967339209,2.48963106787,1.0,43
464,0.00141361379065,0.0,0.15,0.00128176668659,0.00664348169506,355,377,2.48970758608,2.48967339209,1.0,43
465,0.00939911539899,0.0,0.15,0.00122654286679,0.00662822701366,141,485,2.48970758608,2.48970758608,0.0,44
466,0.00368591747247,0.0,0.15,0.00117044209037,0.00662339322119,326,305,2.48971947464,2.48970758608,1.0,44
467,0.00381374964491,0.0,0.15,0.00116699642967,0.00660804552558,3,820,2.48973364848,2.48971947464,1.0,44
468,0.003950499231,0.0,0.15,0.00116576056462,0.0066032233726,285,261,2.48973918397,2.48973364848,1.0,44
469,0.00809481058969,0.0,0.15,0.00120268680621,0.0066009846673,93,662,2.48973918397,2.48973918397,0.0,45
470,0.004798758775,0.00311919627711,0.134028852712,0.00109647517093,0.00656616285065,221,442,2.48975181791,2.48973918397,1.0,45
471,0.0201485289144,0.00389815075323,0.132056281184,0.00135322229471,0.00655750015121,199,61,2.48975668744,2.48975181791,1.0,45
472,0.0020478030201,0.0,0.15,0.00119639618788,0.00654877898483,115,791,2.48978242458,2.48975668744,1.0,45
473,0.00288190552965,0.0,0.15,0.0011634308612,0.00653936153102,674,847,2.48978242458,2.48978242458,0.0,46
474,0.000991343869828,0.0,0.15,0.00135542626958,0.00653403829707,520,728,2.48980011946,2.48978242458,1.0,46
475,0.00300670659635,0.0,0.15,0.0011588872876,0.00652794904244,648,119,2.4898271055,2.48980011946,1.0,46
476,0.00297074459376,0.0,0.15,0.00115806481335,0.00652059441525,748,852,2.48985621584,2.4898271055,1.0,46
477,0.00221068179235,0.0,0.15,0.00117686821613,0.00649769745628,635,498,2.48987605567,2.48985621584,1.0,46
478,0.00737784686498,0.0,0.15,0.00116822565906,0.00646911893955,343,466,2.48987605567,2.48987605567,0.0,47
479,0.00365849514492,0.0,0.15,0.00114097888581,0.00646896082079,746,406,2.48988788982,2.48987605567,1.0,47
480,0.00223360965902,0.0,0.15,0.00116892543156,0.00646434477479,64,665,2.48990650274,2.48988788982,1.0,47
481,0.00212762877345,0.0,0.15,0.00117188098375,0.00645305297921,175,455,2.489917555,2.48990650274,1.0,47
482,0.00329474976752,0.0,0.15,0.00113849830814,0.00644264397452,483,732,2.489917555,2.489917555,0.0,48
483,0.000884646811756,0.0,0.15,0.00137174932752,0.00644066712791,497,713,2.48993587891,2.489917555,1.0,48
484,0.00552414974664,0.0,0.15,0.00114077527542,0.00643252160036,773,600,2.4899591116,2.48993587891,1.0,48
485,0.00231331726536,0.0,0.15,0.00115513172932,0.00641387535552,464,716,2.48998946852,2.4899591116,1.0,48
486,0.00432289077434,0.0,0.15,0.00112994480878,0.00641328539374,239,643,2.48999808976,2.48998946852,1.0,48
487,0.00336287511163,0.0,0.15,0.00113201013301,0.00641228628383,294,308,2.48999808976,2.48999808976,0.0,49
488,0.00440649862868,0.0,0.15,0.00112405000255,0.00638079241844,756,170,2.49001063028,2.48999808976,1.0,49
489,0.0020228610374,0.0126781230792,0.216585619874,0.00163203931879,0.0063723653602,178,435,2.49003256567,2.49001063028,1.0,49
490,0.00133013830055,0.0,0.15,0.00123137631454,0.00636865733972,453,551,2.49008491091,2.49003256567,1.0,49
491,0.00205558445305,0.0,0.15,0.00115806527901,0.00636734230984,444,720,2.49009675023,2.49008491091,1.0,49
492,0.00275323847018,0.0,0.15,0.00112936948426,0.00635267761017,698,291,2.49009675023,2.49009675023,0.0,50
493,0.0017252053367,0.0,0.15,0.00117449124809,0.00633325647361,281,460,2.49011088039,2.49009675023,1.0,50
494,0.00202102521871,0.0,0.15,0.00114741467405,0.00630658157911,15,932,2.4901358443,2.49011088039,1.0,50
495,0.00318350372254,0.0,0.15,0.00111239985563,0.00630145055497,208,441,2.49016211412,2.4901358443,1.0,50
496,0.00968506909158,0.0,0.15,0.001167105278,0.00629605916497,83,70,2.49016889335,2.49016211412,1.0,50
497,0.00123217439977,0.0,0.15,0.00123000470921,0.00628732233904,238,645,2.49018321482,2.49016889335,1.0,50
498,0.00213936134242,0.0,0.15,0.00113649107516,0.00628439096089,120,640,2.49018321482,2.49018321482,0.0,51
499,0.00239478843286,0.0,0.15,0.00112463964615,0.00627834218926,181,449,2.49019669369,2.49018321482,1.0,51
500,0.0182453820307,0.0,0.15,0.00128551677335,0.00625612501079,518,42,2.4902115601,2.49019669369,1.0,51
501,0.00205596769229,0.0,0.15,0.00112729810644,0.006218988919,426,368,2.49025860975,2.4902115601,1.0,51
502,0.00705581426156,0.0,0.15,0.00111417321023,0.00620281410194,274,312,2.49027315311,2.49025860975,1.0,51
503,0.0055913531687,0.0,0.15,0.00109767355025,0.00619889015091,491,21,2.49027810644,2.49027315311,1.0,51
504,0.0162503811298,0.0,0.15,0.00124058232177,0.00617978947597,36,219,2.49027810644,2.49027810644,0.0,52
505,0.00250071822666,0.0,0.15,0.00109865935519,0.0061652130069,838,202,2.49028784714,2.49027810644,1.0,52
506,0.00402569456491,0.0,0.15,0.00108262361027,0.00616497457805,84,659,2.49029337128,2.49028784714,1.0,52
507,0.00579263712281,0.0,0.15,0.00109070108738,0.00615147726947,475,913,2.49029337128,2.49029337128,0.0,53
508,0.00192069157492,0.0,0.15,0.00112027162686,0.00614736243575,612,697,2.49030610766,2.49029337128,1.0,53
509,0.00558150466532,0.0,0.15,0.0010879165493,0.00614707311716,636,524,2.49032072268,2.49030610766,1.0,53
510,0.00465155042184,0.0,0.15,0.0010804196354,0.00614300862124,701,901,2.49033420548,2.49032072268,1.0,53
511,0.0055057824793,0.0,0.15,0.00108504551463,0.00613527980339,70,221,2.49033420548,2.49033420548,0.0,54
512,0.0130261946906,0.0,0.15,0.0011842980748,0.00613430687386,605,43,2.4903428074,2.49033420548,1.0,54
513,0.0126233836163,0.0,0.15,0.00117361091543,0.0061098447203,26,34,2.49035974668,2.4903428074,1.0,54
514,0.00462656046148,0.00751543045044,0.164958763823,0.00123959081247,0.00607748191879,39,738,2.49038581274,2.49035974668,1.0,54
515,0.0145562311227,0.0,0.15,0.00119365390856,0.00606972113245,394,138,2.49038581274,2.49038581274,0.0,55
516,0.0130328613814,0.0,0.15,0.00116879236884,0.00605535112881,128,65,2.4903925426,2.49038581274,1.0,55
517,0.00186343857785,0.0,0.15,0.00109822675586,0.00602451605376,252,147,2.49040649198,2.4903925426,1.0,55
518,0.00145062780939,0.0,0.15,0.00113490235526,0.00602277963421,867,418,2.49040649198,2.49040649198,0.0,56
519,0.00365275656805,0.0,0.15,0.00105061940849,0.00599379698736,760,599,2.49041974677,2.49040649198,1.0,56
520,0.00266420222761,0.0,0.15,0.00105799897574,0.0059795333363,431,18,2.49044108383,2.49041974677,1.0,56
521,0.0137958446576,0.0,0.15,0.0011638875585,0.00597543507212,279,135,2.49046087442,2.49044108383,1.0,56
522,0.0149684786084,0.00357611617073,0.130319350248,0.00114272872452,0.00597306904334,7,893,2.4904881803,2.49046087442,1.0,56
523,0.00111217249651,0.0,0.15,0.00117838778533,0.00596959039204,432,914,2.49053455986,2.4904881803,1.0,56
524,0.00512821099255,0.0,0.15,0.00105033582076,0.00596542321773,333,627,2.49053455986,2.49053455986,0.0,57
525,0.0,0.00722843129188,0.25,0.00168518687133,0.00596426584265,16,50,2.49055588364,2.49053455986,1.0,57
526,0.0023320899345,0.0,0.15,0.0010607575532,0.00594889943037,808,87,2.4905841559,2.49055588364,1.0,57
527,0.00455380004133,0.0,0.15,0.00104243715759,0.00594233554018,94,225,2.49059645921,2.4905841559,1.0,57
528,0.00146768946434,0.0,0.15,0.00111162348185,0.00592723301771,807,885,2.49060200492,2.49059645921,1.0,57
529,0.00238063931465,0.0,0.15,0.00105384225026,0.00592188606068,661,284,2.49060200492,2.49060200492,0.0,58
530,0.00269043241861,0.0,0.15,0.00104484998155,0.00591494320848,466,818,2.49061372582,2.49060200492,1.0,58
531,0.000602046387939,0.0413792692125,0.246424184739,0.00191764882766,0.00591276368309,547,871,2.49061372582,2.49061372582,0.0,59
532,0.0131607307121,0.0101857818663,0.138009154973,0.00123190879822,0.00590866468965,56,218,2.49061820792,2.49061372582,1.0,59
533,0.000705931219272,0.0,0.15,0.00130852358416,0.00590283763925,86,270,2.49061966985,2.49061820792,1.0,59
534,0.00340838253032,0.0,0.15,0.00103010574821,0.00588068018535,909,786,2.49061966985,2.49061966985,0.0,60
535,0.00165377290978,0.0,0.15,0.00107842870057,0.00585811352737,462,863,2.49063184056,2.49061966985,1.0,60
536,0.00208421502612,0.0,0.15,0.00105104083195,0.00585340116662,388,379,2.49065221924,2.49063184056,1.0,60
537,0.00586767995264,0.0,0.15,0.00103368191049,0.00584112304175,438,19,2.49066793907,2.49065221924,1.0,60
538,0.00116152712144,0.0,0.15,0.00113242899533,0.00582049028004,246,431,2.49068800297,2.49066793907,1.0,60
539,0.000618505524471,0.0,0.15,0.00133919436485,0.00581104314045,654,527,2.49068800297,2.49068800297,0.0,61
540,0.0173467296409,0.0,0.15,0.00117828568909,0.00580141296212,61,29,2.49070379953,2.49068800297,1.0,61
541,0.000965051207459,0.0,0.15,0.00117019901518,0.0057878048995,63,30,2.4907233975,2.49070379953,1.0,61
542,0.00200922042131,0.0,0.15,0.00104029325303,0.00578358216402,309,424,2.49076439536,2.4907233975,1.0,61
543,0.00274639969575,0.0,0.15,0.00101723300759,0.00577802567247,42,105,2.49080933333,2.49076439536,1.0,61
544,0.00451885102666,0.0,0.15,0.00101130292751,0.00577608504551,591,696,2.4908472067,2.49080933333,1.0,61
545,0.0114096819452,0.0,0.15,0.00108966266271,0.00576769613683,66,223,2.4908472067,2.4908472067,0.0,62
546,0.019347564521,0.0,0.15,0.00119372224435,0.00574566001715,400,5,2.49085288985,2.4908472067,1.0,62
547,0.00510237730123,0.0,0.15,0.00100912281778,0.00574451854404,300,148,2.49086813555,2.49085288985,1.0,62
548,0.00169047119562,0.0,0.15,0.00105072150473,0.00574140448603,191,112,2.490872797,2.49086813555,1.0,62
549,0.00352714653127,0.0,0.15,0.00100071111228,0.0057275878705,616,525,2.490872797,2.490872797,0.0,63
550,0.0,0.0,0.0,1.00092111097e-05,0.00572694318685,917,179,2.490872797,2.490872797,0.0,64
551,0.00125291207223,0.0,0.15,0.00109153683297,0.00571212700225,237,878,2.490872797,2.490872797,0.0,65
552,0.00265263929032,0.0,0.15,0.00100068899337,0.00568417878521,196,326,2.49088497823,2.490872797,1.0,65
553,0.00176627631299,0.0,0.15,0.00102423643693,0.00564021739654,634,517,2.49090435415,2.49088497823,1.0,65
554,0.00653945951489,0.0,0.15,0.00100323790684,0.00563955965255,226,62,2.4909308732,2.49090435415,1.0,65
555,0.00127819855697,0.0,0.15,0.00107003876474,0.00563432882433,85,108,2.49096883375,2.4909308732,1.0,65
556,0.00799280614956,0.0441139228642,0.212898749622,0.00177184981294,0.00562999727593,23,890,2.49096883375,2.49096883375,0.0,66
557,0.00255046766506,0.0,0.15,0.000987297273241,0.00560503237644,297,461,2.49097167654,2.49096883375,1.0,66
558,0.0178759099217,0.0,0.15,0.00113842438441,0.00557461997885,139,798,2.49097167654,2.49097167654,0.0,67
559,0.00117923133075,0.0,0.15,0.00106983329169,0.00556724035415,560,705,2.49098145943,2.49097167654,1.0,67
560,0.00170672847889,0.0,0.15,0.00101272831671,0.00556627582481,526,578,2.49098642262,2.49098145943,1.0,67
561,0.00326541857794,0.0,0.15,0.000970076187514,0.00555948255559,691,823,2.49098642262,2.49098642262,0.0,68
562,0.00903648042003,0.0,0.15,0.00101698643994,0.00555250735435,506,854,2.49099496872,2.49098642262,1.0,68
563,0.00247531326022,0.0,0.15,0.000975804636255,0.00553779141937,218,131,2.4910151173,2.49099496872,1.0,68
564,0.00147560867481,0.0,0.15,0.00102273537777,0.00552526699505,381,583,2.49103699268,2.4910151173,1.0,68
565,0.00509928434621,0.0,0.15,0.00096771895187,0.00552076517181,452,858,2.49104097979,2.49103699268,1.0,68
566,0.00487777292438,0.0,0.15,0.000962326128501,0.00550019313377,131,228,2.49104097979,2.49104097979,0.0,69
567,0.00161892990582,0.0,0.15,0.0010044897208,0.00549715111856,765,919,2.49105162079,2.49104097979,1.0,69
568,0.00134904554579,0.0,0.15,0.00102972949389,0.00549556732079,496,549,2.49106952371,2.49105162079,1.0,69
569,0.00377186224796,0.0389099866152,0.228292276522,0.00170800625347,0.0054910812666,77,64,2.49106952371,2.49106952371,0.0,70
570,0.00381761573953,0.0,0.15,0.000952022150159,0.00546880535019,81,140,2.4910726699,2.49106952371,1.0,70
571,0.00635368021903,0.0,0.15,0.000967184954789,0.00545546547303,256,127,2.4910726699,2.4910726699,0.0,71
572,0.0,0.0,0.0,9.30813166633e-06,0.00542955790944,872,615,2.4910726699,2.4910726699,0.0,72
573,0.00384209223557,0.0,0.15,0.000943425518926,0.00542244354647,824,769,2.4910726699,2.4910726699,0.0,73
574,0.00171724299435,0.0,0.15,0.000981668126769,0.00542047202713,360,376,2.49108290413,2.4910726699,1.0,73
575,0.00332313337275,0.0,0.15,0.000941616657656,0.00540966627352,291,633,2.49109808497,2.49108290413,1.0,73
576,0.0104611753486,0.0,0.15,0.00100736517925,0.00540558526361,362,3,2.49110725523,2.49109808497,1.0,73
577,0.00103530217893,0.0,0.15,0.00105760386214,0.00540161030985,750,595,2.49112716329,2.49110725523,1.0,73
578,0.00396704620653,0.0126694198698,0.193717071095,0.00128315691836,0.00539797168816,32,657,2.49112716329,2.49112716329,0.0,74
579,0.00449067616137,0.0,0.15,0.000938071112614,0.00538147778582,79,31,2.4911354049,2.49112716329,1.0,74
580,0.00693272773059,0.0,0.15,0.00095612113364,0.00536197709422,484,727,2.49113842525,2.4911354049,1.0,74
581,0.0,0.0,0.0,9.0933899628e-06,0.00533691371471,568,513,2.49113842525,2.49113842525,0.0,75
582,0.00228286907077,0.0,0.15,0.000938655924983,0.00532382684172,43,733,2.49113842525,2.49113842525,0.0,76
583,0.012453941461,0.0,0.15,0.00101366057061,0.00530551049825,517,44,2.49114628479,2.49113842525,1.0,76
584,0.00213263439946,0.0,0.15,0.000939081073739,0.00530376895567,233,876,2.49116750037,2.49114628479,1.0,76
585,0.00300740287639,0.0,0.15,0.000919468700886,0.00528249030472,629,511,2.49118782791,2.49116750037,1.0,76
586,0.000428870102041,0.0,0.15,0.00133596581873,0.00523817323353,891,178,2.49122364193,2.49118782791,1.0,76
587,0.0154617192602,0.0,0.15,0.00103477318771,0.00521950262443,193,328,2.49122364193,2.49122364193,0.0,77
588,0.00726076401042,0.0,0.15,0.000931613671128,0.00520991195122,609,699,2.49122918134,2.49122364193,1.0,77
589,0.0168109618026,0.0326924361289,0.172781441308,0.00147627713159,0.00520515014969,34,476,2.49123099536,2.49122918134,1.0,77
590,0.00290383084211,0.0,0.15,0.000905690598302,0.00520501389776,167,246,2.4912441627,2.49123099536,1.0,77
591,0.00280368665698,0.0,0.15,0.000902405648958,0.00518254686682,200,116,2.4912441627,2.4912441627,0.0,78
592,0.00737003667746,0.0,0.15,0.00092460034648,0.00516544504021,245,117,2.49125206039,2.4912441627,1.0,78
593,0.00922763280687,0.0,0.15,0.000940701924264,0.00513527440427,217,250,2.49126561708,2.49125206039,1.0,78
594,0.000831193523481,0.0,0.15,0.00104325881694,0.00513518111809,762,89,2.49129492365,2.49126561708,1.0,78
595,0.00156771333423,0.0,0.15,0.000927506480366,0.00511266790676,425,804,2.49130599811,2.49129492365,1.0,78
596,0.00127115559008,0.0,0.15,0.000949733832385,0.00509241455615,152,106,2.49130599811,2.49130599811,0.0,79
597,0.0142589130555,0.0,0.15,0.000990464352071,0.00507272221654,177,652,2.49131427082,2.49130599811,1.0,79
598,0.00137333536986,0.0,0.15,0.000931759714149,0.00505856935373,780,92,2.49133421388,2.49131427082,1.0,79
599,0.0142891965788,0.0105177350342,0.136749841086,0.00106489344034,0.00505408514899,350,811,2.49134773977,2.49133421388,1.0,79
600,0.00249172654003,0.0,0.15,0.000876263191458,0.00502359164081,743,764,2.49139025757,2.49134773977,1.0,79
601,0.00350642146078,0.0,0.15,0.000868602946866,0.00501974231475,62,142,2.49140052462,2.49139025757,1.0,79
602,0.00834532582667,0.0,0.15,0.000905517546926,0.00500298357885,675,850,2.49140052462,2.49140052462,0.0,80
603,0.00795725596982,0.00972781237215,0.153183911297,0.00102887209505,0.00499677666207,116,265,2.49140714549,2.49140052462,1.0,80
604,0.00399218406528,0.0,0.15,0.000858474522829,0.00496051927842,561,704,2.49141950259,2.49140714549,1.0,80
605,0.00150151607522,0.0,0.15,0.000900029204786,0.00495867700154,854,416,2.4914260992,2.49141950259,1.0,80
606,0.00969365995844,0.0475212335587,0.209193070723,0.00158074311912,0.00494208143799,202,134,2.4914260992,2.4914260992,0.0,81
607,0.00200823503837,0.0,0.15,0.000868725706823,0.00492669286243,638,841,2.49142809835,2.4914260992,1.0,81
608,0.0330275899323,0.0,0.15,0.00116972299293,0.00492342105288,102,9,2.49142809835,2.49142809835,0.0,82
609,0.00215882621706,0.0,0.15,0.00086349673802,0.00492198331264,98,53,2.49143238057,2.49142809835,1.0,82
610,0.0096776495484,0.0,0.15,0.000904377026018,0.00491414422094,204,318,2.49143238057,2.49143238057,0.0,83
611,0.00158448820002,0.0,0.15,0.000877693120856,0.00487733249182,696,825,2.49144012834,2.49143238057,1.0,83
612,0.017737683258,0.00892871618271,0.13023862133,0.00102615368087,0.00486974466374,95,71,2.49144249755,2.49144012834,1.0,83
613,0.00133069860749,0.0,0.15,0.000894532189704,0.00486661448198,663,122,2.49145548721,2.49144249755,1.0,83
614,0.00842353596818,0.0,0.15,0.000880791398231,0.00486548976509,306,541,2.49145548721,2.49145548721,0.0,84
615,0.00380060775205,0.0,0.15,0.000839925487526,0.00486236488293,892,775,2.49146188729,2.49145548721,1.0,84
616,0.00324683192593,0.075950473547,0.239829666445,0.0017933686031,0.00482446230492,21,477,2.49146188729,2.49146188729,0.0,85
617,0.00103673420381,0.0,0.15,0.000920517195482,0.00482003233133,225,133,2.49146322854,2.49146188729,1.0,85
618,0.00190005172044,0.0,0.15,0.000849856180139,0.00481241196808,109,790,2.49146322854,2.49146322854,0.0,86
619,0.00593780010239,0.0,0.15,0.000842291046865,0.00479772188697,511,723,2.49147082135,2.49146322854,1.0,86
620,0.000651405774988,0.0,0.15,0.00101737177465,0.00478732028794,882,611,2.4914896016,2.49147082135,1.0,86
621,0.00197693658993,0.0,0.15,0.000839350628667,0.00477198484982,275,311,2.4915101802,2.4914896016,1.0,86
622,0.00767518160866,0.0270097255707,0.197488596783,0.00130576314405,0.00476490898802,215,644,2.4915101802,2.4915101802,0.0,87
623,0.00214644754305,0.0,0.15,0.000833328580484,0.00476472483055,747,851,2.49151345852,2.4915101802,1.0,87
624,0.00143773353193,0.0,0.15,0.000862253364176,0.00475573370754,718,906,2.49151345852,2.49151345852,0.0,88
625,0.00114244804718,0.0125165153295,0.229433062239,0.00125696905889,0.00475354678837,447,155,2.4915185884,2.49151345852,1.0,88
626,0.00403547892347,0.0,0.15,0.000819435983431,0.00474635875193,665,522,2.49154725686,2.4915185884,1.0,88
627,0.00225972454064,0.0,0.15,0.000825683469884,0.00473770820892,308,591,2.49156909301,2.49154725686,1.0,88
628,0.00416782009415,0.00556583330035,0.156719157145,0.000896749086678,0.00472040923011,179,445,2.49159547681,2.49156909301,1.0,88
629,0.00338678894333,0.0,0.15,0.000803300528787,0.00466529526966,249,340,2.49159802662,2.49159547681,1.0,88
630,0.0202602039599,2.87072889478e-05,0.149788178918,0.000973307935055,0.00465258972216,4,16,2.49159802662,2.49159802662,0.0,89
631,0.0,0.0594187527895,0.25,0.00162096670829,0.00461082742359,75,660,2.49160090376,2.49159802662,1.0,89
632,0.00132220820524,0.0,0.15,0.00084004260134,0.0046071049517,430,654,2.49162064657,2.49160090376,1.0,89
633,0.00148733297829,0.0,0.15,0.000823824550025,0.00458615974776,870,604,2.49162064657,2.49162064657,0.0,90
634,0.00145482248627,0.0,0.15,0.000822119647637,0.00456789732485,471,915,2.4916281956,2.49162064657,1.0,90
635,0.00150226312689,0.0,0.15,0.000815915351268,0.00455193145927,312,303,2.49164211364,2.4916281956,1.0,90
636,0.00157353824761,0.0,0.15,0.000807420758065,0.0045295143122,314,471,2.49166128229,2.49164211364,1.0,90
637,0.000568055955227,0.0,0.15,0.000979006290436,0.00450654875567,307,301,2.49168748541,2.49166128229,1.0,90
638,0.0289299628348,0.0,0.15,0.00102985312697,0.00450303796224,113,796,2.49168748541,2.49168748541,0.0,91
639,0.00289886677638,0.0,0.15,0.000774510437623,0.00450291208537,446,365,2.49169106141,2.49168748541,1.0,91
640,0.00744711316656,0.0,0.15,0.000791770755313,0.00444063839998,132,266,2.49169106141,2.49169106141,0.0,92
641,0.000185334603884,0.0,0.15,0.00162413553335,0.0044385564321,385,373,2.49171608021,2.49169106141,1.0,92
642,0.00634230967261,0.0,0.15,0.000767873367295,0.00436856382102,448,550,2.49172259123,2.49171608021,1.0,92
643,0.000239738612436,0.0,0.15,0.00134432932828,0.00434427212583,523,730,2.49174867539,2.49172259123,1.0,92
644,0.000432676868513,0.0,0.15,0.00100407167338,0.00428831181902,280,873,2.49174867539,2.49174867539,0.0,93
645,0.00178391928785,0.0,0.15,0.000746311387047,0.00426458114028,527,11,2.4917581451,2.49174867539,1.0,93
646,0.00550968491007,0.0,0.15,0.000741210882552,0.00426149094135,515,856,2.49177288438,2.4917581451,1.0,93
647,0.00271448667627,0.0,0.15,0.000729473948013,0.00425380227272,722,908,2.49178830151,2.49177288438,1.0,93
648,0.00718873529695,0.0,0.15,0.000753071741201,0.00424327674553,703,273,2.49180987256,2.49178830151,1.0,93
649,0.00536129821557,0.0,0.15,0.000734836561605,0.00423277361301,779,169,2.49183299972,2.49180987256,1.0,93
650,0.000273920682957,0.0,0.15,0.001192742493,0.00420809936371,617,347,2.49187989699,2.49183299972,1.0,93
651,0.00794543186202,0.0,0.15,0.000744117191061,0.00415410991991,337,463,2.49187989699,2.49187989699,0.0,94
652,0.00241301197093,0.0,0.15,0.000710659020115,0.00413958132901,479,866,2.49188498391,2.49187989699,1.0,94
653,0.0102932944428,0.0,0.15,0.000763391959481,0.00413081268229,334,137,2.49188905234,2.49188498391,1.0,94
654,0.00019642393454,0.0,0.15,0.00137888186146,0.00410410286905,588,39,2.49191147172,2.49188905234,1.0,94
655,0.000284887151793,0.0,0.15,0.00112494523637,0.0040997742846,445,753,2.49191308273,2.49191147172,1.0,94
656,0.00370443053543,0.0,0.15,0.000692061905283,0.00405022505748,258,337,2.49191308273,2.49191308273,0.0,95
657,0.00771752302535,0.0,0.15,0.000720130803529,0.00403538095628,17,888,2.49191756973,2.49191308273,1.0,95
658,0.000601384788752,0.0,0.15,0.000833970145322,0.00403431686346,320,386,2.49193187868,2.49191756973,1.0,95
659,0.00220646303933,0.0,0.15,0.000687389052473,0.00400195369142,20,17,2.49194016235,2.49193187868,1.0,95
660,0.021652176019,0.0,0.15,0.000845571281388,0.00398530553631,49,25,2.49194016235,2.49194016235,0.0,96
661,0.0174360600504,0.054334320128,0.192740747053,0.00130012247246,0.00392358774571,19,15,2.49194161065,2.49194016235,1.0,96
662,0.038103254039,0.0,0.15,0.000965345476288,0.00389888473533,168,7,2.49194924198,2.49194161065,1.0,96
663,0.00228196126409,0.00765993492678,0.195670413019,0.000875233439729,0.00388509614872,615,680,2.49195485755,2.49194924198,1.0,96
664,0.000169938226463,0.0,0.15,0.00137260276824,0.00387330572861,505,151,2.49195485755,2.49195485755,0.0,97
665,0.000123825171613,0.0,0.15,0.00168587523513,0.00385397642691,702,76,2.49196104974,2.49195485755,1.0,97
666,0.00180144712795,0.00743858097121,0.20337327086,0.000879357510712,0.00380189009773,250,297,2.4919978098,2.49196104974,1.0,97
667,0.00312568154186,0.104147210717,0.242754932468,0.00153069000226,0.0037426164959,301,535,2.4919978098,2.4919978098,0.0,98
668,0.00692048765268,0.0,0.15,0.000659217243083,0.00374063817527,125,453,2.49199792798,2.4919978098,1.0,98
669,0.00757030246313,0.0102146789432,0.1571416656,0.000777835142799,0.00373138998644,174,456,2.49199792798,2.49199792798,0.0,99
670,0.00691129337975,0.0499091669917,0.220348184642,0.00121246045455,0.00371587225969,130,801,2.4919991316,2.49199792798,1.0,99
671,0.00015711276501,0.0,0.15,0.00134253804572,0.00370687231288,286,459,2.49202503602,2.4919991316,1.0,99
672,0.00325459439773,0.0654843971133,0.23826908492,0.00131764728576,0.00370216268138,288,588,2.49202503602,2.49202503602,0.0,100
673,0.000127092600451,0.0,0.15,0.00153115973808,0.00368304373489,922,422,2.49203229234,2.49202503602,1.0,100
674,0.000157826943905,0.0,0.15,0.0013093148591,0.00365713130475,538,568,2.49203450829,2.49203229234,1.0,100
675,0.0199675415933,0.0,0.15,0.000754523847718,0.00362670633539,12,49,2.49203450829,2.49203450829,0.0,101
676,0.000192814404727,0.0,0.15,0.00114373129327,0.00362392616292,885,174,2.49204541177,2.49203450829,1.0,101
677,0.00305462931283,0.0,0.15,0.000612761476077,0.00361566779988,774,767,2.49204543861,2.49204541177,1.0,101
678,0.00645314867142,0.0538549534976,0.223825474706,0.00119915057439,0.00359168899039,160,245,2.49204543861,2.49204543861,0.0,102
679,0.021400216734,0.0,0.15,0.000755737128202,0.0035753297498,140,457,2.49204709524,2.49204543861,1.0,102
680,0.000709958781954,0.0,0.15,0.000681195699144,0.00353925301961,831,165,2.49204709524,2.49204709524,0.0,103
681,0.00206637219526,0.0,0.15,0.000599300605245,0.00351776057674,842,201,2.49205225241,2.49204709524,1.0,103
682,0.00702107019242,0.0,0.15,0.00061734468909,0.00350425878393,469,718,2.49206035179,2.49205225241,1.0,103
683,0.000219189038035,0.0,0.15,0.00100039679091,0.00347622892182,35,36,2.4920793982,2.49206035179,1.0,103
684,0.00019827055803,0.0,0.15,0.00104952871334,0.00346424522452,608,835,2.49211433477,2.4920793982,1.0,103
685,0.0083973845467,0.0435542054474,0.210988077579,0.0010777276475,0.00345254019557,138,264,2.49211433477,2.49211433477,0.0,104
686,0.000264960399363,0.0,0.15,0.000895226490684,0.00343132027197,356,236,2.49211754341,2.49211433477,1.0,104
687,0.0031992073491,0.0439741946757,0.233267411178,0.00109446921851,0.00341370036173,53,315,2.49211754341,2.49211754341,0.0,105
688,0.0,0.0,0.0,5.02352986587e-06,0.00340375168102,923,185,2.49211754341,2.49211754341,0.0,106
689,0.0014485353604,0.0,0.15,0.000587273505516,0.00338756954213,534,567,2.49211754341,2.49211754341,0.0,107
690,0.00177540024742,0.0,0.15,0.000579024781473,0.0033858492793,841,206,2.49212163305,2.49211754341,1.0,107
691,0.000155019908561,0.0,0.15,0.00115931592882,0.00337054138898,207,51,2.49213981903,2.49212163305,1.0,107
692,0.00278934292146,0.0,0.15,0.000564708374441,0.0033469708383,393,233,2.49215375878,2.49213981903,1.0,107
693,0.000184773743968,0.0,0.15,0.00100427551661,0.00328444710639,645,509,2.4921815864,2.49215375878,1.0,107
694,0.00620044056996,0.115228563547,0.23735804491,0.00138583383523,0.00327869188921,60,217,2.4921815864,2.4921815864,0.0,108
695,0.00703011972655,0.0676417998038,0.226903198333,0.00116522610188,0.00326867769979,25,886,2.49218246992,2.4921815864,1.0,108
696,0.0,0.0,0.0,4.70052464152e-06,0.00323158485624,97,26,2.49218246992,2.49218246992,0.0,109
697,0.000147576851305,0.0,0.15,0.00110002746806,0.0032025178997,731,488,2.49218246992,2.49218246992,0.0,110
698,0.00353727501351,0.0,0.15,0.000538865628187,0.00319339670008,198,757,2.49219460029,2.49218246992,1.0,110
699,0.00474176963325,0.0,0.15,0.0005359161878,0.00314159442474,416,344,2.49220386137,2.49219460029,1.0,110
700,0.000190481747268,0.0,0.15,0.000864211120643,0.00301038172452,492,546,2.49220386137,2.49220386137,0.0,111
701,0.00177724647801,0.00681404583156,0.200696783588,0.000676944619045,0.00299175592394,812,925,2.49220931964,2.49220386137,1.0,111
702,0.000149953586515,0.0,0.15,0.000972124515101,0.00298289866079,499,853,2.49221325171,2.49220931964,1.0,111
703,7.28846353013e-05,0.0,0.15,0.0015981142642,0.0029763309476,216,877,2.49223486217,2.49221325171,1.0,111
704,0.00160732225049,0.0,0.15,0.000504370313138,0.00296814085225,135,229,2.49228465329,2.49223486217,1.0,111
705,0.00715350178052,0.0740867108107,0.228368847386,0.00108673563227,0.00296631394399,1,2,2.49228465329,2.49228465329,0.0,112
706,0.00016537202464,0.0,0.15,0.000893089396413,0.00292830638145,597,519,2.49228699902,2.49228465329,1.0,112
707,0.000130362663185,0.0,0.15,0.00102439487819,0.00292317449277,806,198,2.49228782363,2.49228699902,1.0,112
708,0.00193761556875,0.0747980996966,0.243716806652,0.001078030793,0.00291202173108,272,257,2.49228782363,2.49228782363,0.0,113
709,0.000271809723927,0.0,0.15,0.000683689024299,0.00286216647649,606,56,2.49228900814,2.49228782363,1.0,113
710,0.00461263358011,0.106138989329,0.239669322249,0.00116544275079,0.00283510133512,524,545,2.49228900814,2.49228900814,0.0,114
711,0.000211108461372,0.0,0.15,0.000739822455216,0.00280540072214,818,193,2.49229011374,2.49228900814,1.0,114
712,0.0073723452515,0.0,0.15,0.000491877144668,0.00279226656734,2,930,2.49229011374,2.49229011374,0.0,115
713,0.000135398324346,0.0,0.15,0.000924306164961,0.00278252431396,880,619,2.49229909171,2.49229011374,1.0,115
714,0.00113459747808,0.0,0.15,0.00047828789684,0.00276446509002,600,681,2.49230311998,2.49229909171,1.0,115
715,0.00011315154552,0.0,0.15,0.00102020043414,0.00275963764783,257,339,2.49231518937,2.49230311998,1.0,115
716,0.0,0.00709189288318,0.25,0.000742401287425,0.00272609128463,5,935,2.49231518937,2.49231518937,0.0,116
717,0.000116674083984,0.0,0.15,0.00092403794406,0.00262932755221,728,493,2.4923195072,2.49231518937,1.0,116
718,0.00335141872574,0.0,0.15,0.000434118235717,0.00259811176378,324,310,2.49232495336,2.4923195072,1.0,116
719,7.69606922404e-05,0.0,0.15,0.00119797210209,0.00258922789631,533,304,2.49233224063,2.49232495336,1.0,116
720,0.00014094049402,0.0,0.15,0.000798116612714,0.00257363712511,398,555,2.4923355689,2.49233224063,1.0,116
721,0.0001423661015,0.00628438172862,0.244484550969,0.000675147690345,0.00254139244707,378,556,2.4923355689,2.4923355689,0.0,117
722,0.000108256921521,0.0,0.15,0.000910415838007,0.00253114491488,653,526,2.49233979623,2.4923355689,1.0,117
723,0.000135554480948,0.0,0.15,0.000772109837271,0.00248472298581,564,564,2.49234581144,2.49233979623,1.0,117
724,0.000221798283746,0.0,0.15,0.000592599564698,0.0024400974687,776,918,2.49234993763,2.49234581144,1.0,117
725,7.19795498298e-05,0.0,0.15,0.00112333253492,0.00242538539891,389,808,2.49235818093,2.49234993763,1.0,117
726,0.000218954097363,0.0484666060656,0.248876586562,0.000809089862742,0.00242216659755,145,263,2.49235818093,2.49235818093,0.0,118
727,0.00549806427443,0.0489274561405,0.225255259641,0.000770639861003,0.00236811402415,171,327,2.4923590072,2.49235818093,1.0,118
728,0.00135064322967,0.0,0.15,0.000397470663302,0.00236260097054,278,474,2.49235964713,2.4923590072,1.0,118
729,0.000864847796038,0.0,0.15,0.00040010153316,0.0023015559091,473,861,2.49235964713,2.49235964713,0.0,119
730,0.0158540011616,0.0,0.15,0.000448548147688,0.00227345136292,188,22,2.4923611364,2.49235964713,1.0,119
731,0.000130799118779,0.0,0.15,0.000680285855196,0.00226169808019,682,279,2.49236933857,2.4923611364,1.0,119
732,0.000159141578479,0.0,0.15,0.000601041945629,0.00222672061652,374,807,2.49238130044,2.49236933857,1.0,119
733,0.00668461597524,0.139373853803,0.23865707882,0.000972895184532,0.00215618076262,276,258,2.49238130044,2.49238130044,0.0,120
734,0.00575278980249,0.130631998181,0.23953842973,0.000945738167502,0.00214528927371,205,443,2.49238161331,2.49238130044,1.0,120
735,0.00166706659365,0.0,0.15,0.000351081078406,0.00212124058982,659,896,2.49238161331,2.49238161331,0.0,121
736,0.000145255122334,0.0,0.15,0.000569998868741,0.00208589575241,899,781,2.49238515923,2.49238161331,1.0,121
737,0.00815115042496,0.0,0.15,0.00036966096377,0.00208439642794,40,656,2.49238822855,2.49238515923,1.0,121
738,0.00196348270401,0.0659554451704,0.242811421852,0.000736283021979,0.00206162323325,169,111,2.49238822855,2.49238822855,0.0,122
739,0.00203565556149,0.0,0.15,0.000332662835717,0.00202202372175,111,248,2.49238836763,2.49238822855,1.0,122
740,0.0052108259406,0.0,0.15,0.000331788614858,0.00195605500171,657,123,2.49238836763,2.49238836763,0.0,123
741,0.00544314959552,0.0,0.15,0.000329201633576,0.00193462563372,429,814,2.4923894046,2.49238836763,1.0,123
742,0.00116965989582,0.0,0.15,0.000315217475872,0.00189269154398,624,54,2.49239149022,2.4923894046,1.0,123
743,0.0141008508072,0.0,0.15,0.000333113159286,0.0017302446746,143,649,2.49239149022,2.49239149022,0.0,124
744,0.00213607307523,0.0,0.15,0.000256859901128,0.0015776323805,270,629,2.49239215914,2.49239149022,1.0,124
745,1.33373559947e-05,0.0,0.15,0.00215769652277,0.00157377487914,298,632,2.49241843066,2.49239215914,1.0,124
746,0.0059429674775,0.0,0.15,0.000262117449893,0.00153420455406,14,48,2.49241843066,2.49241843066,0.0,125
747,3.983305578e-05,0.0,0.15,0.000785647658631,0.00153358791456,727,486,2.49242449551,2.49241843066,1.0,125
748,0.00189580162987,0.0,0.15,0.000247397169005,0.00152217365954,584,840,2.49242585177,2.49242449551,1.0,125
749,0.00308746448718,0.0,0.15,0.000243389542447,0.00148553391615,273,259,2.49242594079,2.49242585177,1.0,125
750,0.00867489423399,0.0,0.15,0.00025907161762,0.00145490753615,435,561,2.49242594079,2.49242594079,0.0,126
751,0.0,0.0155100515112,0.25,0.000405540631618,0.00144073277474,929,81,2.49242675513,2.49242594079,1.0,126
752,0.00941065832739,0.0,0.15,0.000251934339758,0.00139973867841,244,252,2.49242807194,2.49242675513,1.0,126
753,0.0104288847651,0.0129726561718,0.153867178319,0.000299616542179,0.00137649974484,51,144,2.49242826028,2.49242807194,1.0,126
754,0.00602295517456,0.0,0.15,0.000228376302402,0.00133725040812,614,695,2.49242826028,2.49242826028,0.0,127
755,0.0019984915707,0.0,0.15,0.000213489824091,0.00131999264668,689,77,2.49242879579,2.49242826028,1.0,127
756,0.00163099297788,0.0,0.15,0.000211789403693,0.00131020274545,240,879,2.49242951744,2.49242879579,1.0,127
757,0.00350663741119,0.0,0.15,0.000211388221942,0.00128702002061,228,251,2.49242982717,2.49242951744,1.0,127
758,0.00248868337075,0.0,0.15,0.000206091266591,0.00127102504886,253,336,2.49242982717,2.49242982717,0.0,128
759,0.0100132493535,0.0,0.15,0.00022979977075,0.00126628545733,214,585,2.49243025003,2.49242982717,1.0,128
760,0.00107539782766,0.0,0.15,0.000202174269361,0.00124376920079,284,630,2.49243156365,2.49243025003,1.0,128
761,0.00493353488856,0.0,0.15,0.000208348195883,0.00124214591026,124,269,2.49243229275,2.49243156365,1.0,128
762,0.00159063700994,0.0,0.15,0.000197214176296,0.00122311776953,596,936,2.49243310912,2.49243229275,1.0,128
763,0.00146402325481,0.0,0.15,0.000193036088604,0.00119748774308,852,414,2.49243310912,2.49243310912,0.0,129
764,0.00465303267993,0.0,0.15,0.00019987320411,0.00119743280294,46,742,2.49243357633,2.49243310912,1.0,129
765,0.00181930768304,0.0,0.15,0.000189406215213,0.00117620620922,311,538,2.49243458086,2.49243357633,1.0,129
766,0.0016282669967,0.0,0.15,0.000186769146239,0.00116062838391,906,785,2.49243572111,2.49243458086,1.0,129
767,0.00985902368119,0.0,0.15,0.000209115984035,0.00115559696949,395,475,2.49243597687,2.49243572111,1.0,129
768,0.000191085040569,0.0,0.15,0.000229219294852,0.00115152078937,482,362,2.49243763781,2.49243597687,1.0,129
769,0.00259659157019,0.0,0.15,0.00018547642685,0.00114536038413,296,626,2.49243763781,2.49243763781,0.0,130
770,0.00493884482421,0.0,0.15,0.000191084225662,0.00114029885954,264,338,2.49243803415,2.49243763781,1.0,130
771,1.4019228729e-05,0.0,0.15,0.00107887887862,0.00112602530436,642,842,2.49245001761,2.49243803415,1.0,130
772,0.0138502486516,0.0,0.15,0.000210457976209,0.00109936116251,136,794,2.49245001761,2.49245001761,0.0,131
773,0.00389896461274,0.0,0.15,0.000181064257049,0.0010988089563,555,566,2.49245028831,2.49245001761,1.0,131
774,0.00387723714812,0.0,0.15,0.000180991541129,0.0010987350798,613,521,2.49245049637,2.49245028831,1.0,131
775,0.0198644265874,0.0,0.15,0.000225606985623,0.00109294419393,8,821,2.49245049637,2.49245049637,0.0,132
776,0.00299867975991,0.0,0.15,0.000174130866071,0.00107122266241,845,603,2.49245072707,2.49245049637,1.0,132
777,0.00648675937554,0.0,0.15,0.000180762188393,0.00105308109788,465,750,2.49245078241,2.49245072707,1.0,132
778,0.00329928866995,0.0,0.15,0.000165906007169,0.00101712543335,71,666,2.49245078241,2.49245078241,0.0,133
779,0.00430479593342,0.0,0.15,0.000168406739249,0.00101653293422,11,819,2.49245109382,2.49245078241,1.0,133
780,0.00328418181743,0.0,0.15,0.000165423203725,0.00101443267992,487,714,2.49245166541,2.49245109382,1.0,133
781,0.00220131553942,0.0,0.15,0.000162398966495,0.00100996729104,678,294,2.49245222554,2.49245166541,1.0,133
782,1.2971065189e-05,0.0,0.15,0.000883572967723,0.000977295884289,459,467,2.49245929472,2.49245222554,1.0,133
783,0.00259612873196,0.0,0.15,0.000156799593242,0.000971498350603,541,354,2.49245929472,2.49245929472,0.0,134
784,0.00197710480279,0.0,0.15,0.000155589776114,0.000970506308433,54,143,2.49245961073,2.49245929472,1.0,134
785,0.00319776451215,0.0,0.15,0.00015582893684,0.000957652248305,460,815,2.492460112,2.49245961073,1.0,134
786,0.000791764352471,0.0,0.15,0.00015474545944,0.000955445257695,714,168,2.49246079189,2.492460112,1.0,134
787,0.00144631380681,0.0,0.15,0.000151215135702,0.000945982212639,321,330,2.49246101266,2.49246079189,1.0,134
788,0.0124305814679,0.0,0.15,0.000176589601324,0.000941195846819,480,157,2.49246101266,2.49246101266,0.0,135
789,0.00156296254135,0.0,0.15,0.000150024920003,0.000938724205231,189,113,2.49246123731,2.49246101266,1.0,135
790,0.00201925502915,0.0,0.15,0.0001502623345,0.000937696693965,625,350,2.49246139777,2.49246123731,1.0,135
791,0.00797234196216,0.0,0.15,0.00016452978889,0.000936945445021,57,317,2.49246139777,2.49246139777,0.0,136
792,0.000207582503208,0.0,0.15,0.000172906395164,0.000928939324443,295,381,2.49246177579,2.49246139777,1.0,136
793,0.00556143699214,0.0,0.15,0.000154474866576,0.000914571815702,41,737,2.49246197128,2.49246177579,1.0,136
794,0.00146189366933,0.0,0.15,0.000145364567288,0.000910485352871,786,389,2.49246216026,2.49246197128,1.0,136
795,0.00503928467515,0.0,0.15,0.000152046428411,0.000907980470631,397,803,2.49246216026,2.49246216026,0.0,137
796,0.00115100061521,0.000812957528979,0.135783264103,0.000132060362375,0.000905563474832,269,628,2.49246245276,2.49246216026,1.0,137
797,0.0040216826601,0.0,0.15,0.000147726925206,0.000897042684968,532,507,2.4924626745,2.49246245276,1.0,137
798,0.00547271117102,0.0,0.15,0.000149632425746,0.000887409247675,137,438,2.49246290474,2.4924626745,1.0,137
799,0.0142814513038,0.0,0.15,0.000169592894963,0.00088148222354,498,13,2.49246290474,2.49246290474,0.0,138
800,0.00241026212461,0.0,0.15,0.000138251169119,0.000860502432614,823,205,2.49246308076,2.49246290474,1.0,138
801,0.00528749945806,0.0,0.15,0.000142989796586,0.000850890624955,126,268,2.49246317419,2.49246308076,1.0,138
802,0.005367537844,0.0,0.15,0.000140959557029,0.000837805744069,687,399,2.49246317419,2.49246317419,0.0,139
803,0.00498535489896,0.0,0.15,0.000138175280881,0.00082655012326,361,553,2.49246336502,2.49246317419,1.0,139
804,0.0013752093073,0.0,0.15,0.000131532957312,0.000826241992866,449,748,2.49246371903,2.49246336502,1.0,139
805,0.00187402105507,0.0,0.15,0.000131709617563,0.000825345550691,463,712,2.49246389531,2.49246371903,1.0,139
806,0.00334848917555,0.0,0.15,0.000133813751745,0.000822158171885,562,828,2.49246389531,2.49246389531,0.0,140
807,0.00124448200222,0.0,0.15,0.00012894293468,0.000810195279401,684,692,2.49246412206,2.49246389531,1.0,140
808,0.00438706181012,0.0,0.15,0.00013317813864,0.000804769485511,706,907,2.49246441629,2.49246412206,1.0,140
809,0.00032800748886,0.0,0.15,0.000135509471875,0.000797199823933,550,574,2.49246490282,2.49246441629,1.0,140
810,0.00487699304358,0.0,0.15,0.0001329103834,0.000796726150301,255,298,2.49246490282,2.49246490282,0.0,141
811,0.00856805738294,0.0,0.15,0.000141081982292,0.000796657645882,37,32,2.49246506256,2.49246490282,1.0,141
812,0.00424509798176,0.0,0.15,0.000130462620291,0.000790343317033,404,813,2.49246540819,2.49246506256,1.0,141
813,0.000121687240608,0.0,0.15,0.000159161587362,0.000786198090464,886,609,2.49246588961,2.49246540819,1.0,141
814,0.00274846795946,0.0,0.15,0.000125490056234,0.0007786668469,551,679,2.49246588961,2.49246588961,0.0,142
815,0.00285526028893,0.0,0.15,0.000125482867588,0.000777406137843,458,361,2.49246608462,2.49246588961,1.0,142
816,0.00701768173895,0.0,0.15,0.000133879846544,0.000774921452815,59,735,2.49246636082,2.49246608462,1.0,142
817,0.00500550470315,0.0,0.15,0.000129307387397,0.000773654558299,478,860,2.49246676076,2.49246636082,1.0,142
818,0.00182620820124,0.0,0.15,0.000122976503917,0.000772052145362,745,762,2.492467022,2.49246676076,1.0,142
819,0.00487055373378,0.0,0.15,0.000127967068693,0.00076740674354,212,755,2.492467022,2.492467022,0.0,143
820,0.000265730564934,0.0,0.15,0.000132775821839,0.00076586901782,618,683,2.49246726505,2.492467022,1.0,143
821,0.00843479164178,0.0,0.15,0.000134677538881,0.000762231330064,220,875,2.49246743219,2.49246726505,1.0,143
822,0.00157803963521,0.0,0.15,0.00011908095621,0.000749503759768,9,931,2.49246776117,2.49246743219,1.0,143
823,0.00268756764126,0.0,0.15,0.000119767071737,0.000744290031745,369,59,2.49246776117,2.49246776117,0.0,144
824,0.0031714993529,0.0,0.15,0.0001181660773,0.000729086429751,752,530,2.4924679344,2.49246776117,1.0,144
825,0.00489472931076,0.0,0.15,0.000120635115309,0.000723471238424,513,575,2.49246821036,2.4924679344,1.0,144
826,0.000146242018673,0.0,0.15,0.000136688802741,0.000720770278239,672,523,2.49246877121,2.49246821036,1.0,144
827,0.0309206289312,0.0,0.15,0.000166696772794,0.000720309406582,247,24,2.49246877121,2.49246877121,0.0,145
828,0.00154716149336,0.0,0.15,0.000113430527563,0.000714854475329,770,884,2.49246884984,2.49246877121,1.0,145
829,0.0108815041604,0.00368037796579,0.128671236279,0.000126272381749,0.000714237336603,259,300,2.49246884984,2.49246884984,0.0,146
830,0.0,0.000660193094518,0.25,0.000192228020751,0.000701448412261,690,292,2.49246928199,2.49246884984,1.0,146
831,0.00590003369871,0.0,0.15,0.000117903364298,0.000695494418507,213,341,2.49246928498,2.49246928199,1.0,146
832,0.00865973858163,0.0,0.15,0.000122869998449,0.000693249282569,383,810,2.49246928498,2.49246928498,0.0,147
833,0.00338351647951,0.0,0.15,0.000112023451948,0.000689246390971,230,128,2.4924694103,2.49246928498,1.0,147
834,0.00408443575725,0.0,0.15,0.000112713227281,0.000685506962746,486,576,2.49246954662,2.4924694103,1.0,147
835,0.00437951953973,0.0,0.15,0.000111375469714,0.00067410851861,211,586,2.49246959115,2.49246954662,1.0,147
836,0.00459779203083,0.0,0.15,0.000109738015453,0.000661845541677,117,271,2.49246959115,2.49246959115,0.0,148
837,0.000195493470528,0.0,0.15,0.000117127907288,0.000661234548453,787,496,2.4924697833,2.49246959115,1.0,148
838,0.00513433548622,0.0,0.15,0.000110630855488,0.000661218759257,594,937,2.49246994053,2.4924697833,1.0,148
839,0.00201118405676,0.0,0.15,0.000104640123027,0.000657565646354,392,60,2.49247014523,2.49246994053,1.0,148
840,0.00496525468771,0.0,0.15,0.000109180349682,0.000654457081502,726,171,2.49247014523,2.49247014523,0.0,149
841,0.00909013037745,0.0,0.15,0.000115175098472,0.000645683566378,150,255,2.49247024955,2.49247014523,1.0,149
842,0.00617011205759,0.0,0.15,0.00010984500841,0.000645328656862,146,244,2.4924704663,2.49247024955,1.0,149
843,0.00740625393518,0.0,0.15,0.0001113977778,0.000641354637814,641,14,2.4924706037,2.4924704663,1.0,149
844,0.000175499386387,0.0,0.15,0.000113107089419,0.000632404452373,330,306,2.49247072662,2.4924706037,1.0,149
845,0.0034060125472,0.0,0.15,0.000102724327007,0.000632326244776,740,491,2.49247072662,2.49247072662,0.0,150
846,0.00964720372576,0.0,0.15,0.000113533322292,0.000631116912768,248,249,2.49247082803,2.49247072662,1.0,150
847,0.00171146751381,0.0,0.15,9.96530216071e-05,0.000628829601066,725,765,2.49247111907,2.49247082803,1.0,150
848,0.0018557094736,0.0,0.15,9.93588400888e-05,0.00062604530855,105,115,2.49247130665,2.49247111907,1.0,150
849,7.86228556535e-05,0.00713719287887,0.247281424531,0.000163102289662,0.000619404622776,119,641,2.4924716303,2.49247130665,1.0,150
850,0.000146183636389,0.0,0.15,0.000113652014988,0.00061817420844,858,175,2.4924716303,2.4924716303,0.0,151
851,0.0017189324135,0.0,0.15,9.79347387329e-05,0.000618131178693,738,91,2.49247182079,2.4924716303,1.0,151
852,0.00708693277556,0.012757640332,0.169411697462,0.000135735332151,0.000614943447572,384,817,2.49247189821,2.49247182079,1.0,151
853,0.00374404294416,0.0,0.15,0.00010031653801,0.000614174803558,699,900,2.49247273509,2.49247189821,1.0,151
854,0.00267010486277,0.0,0.15,9.85324513749e-05,0.000613974443738,58,314,2.4924733399,2.49247273509,1.0,151
855,0.00637982750777,0.0,0.15,0.00010117040074,0.000592551484304,546,703,2.49247376272,2.4924733399,1.0,151
856,5.95560959482e-05,0.0,0.15,0.000135234324262,0.000584504585309,219,37,2.49247521377,2.49247376272,1.0,151
857,0.00669373688652,0.0,0.15,9.94836227619e-05,0.000579712076052,30,35,2.49247521377,2.49247521377,0.0,152
858,0.000295704492601,0.0,0.15,9.50017856667e-05,0.000572510887699,733,494,2.49247533377,2.49247521377,1.0,152
859,0.00959288130979,0.0,0.15,0.000102808393422,0.000572149735169,65,316,2.49247540228,2.49247533377,1.0,152
860,0.00593545606535,0.0,0.15,9.61585974437e-05,0.000567505652225,283,256,2.49247550965,2.49247540228,1.0,152
861,0.0,0.0050243944861,0.25,0.000147630271385,0.00056285594224,556,942,2.4924756384,2.49247550965,1.0,152
862,0.00369406898972,0.0,0.15,9.16028802749e-05,0.000561697791225,704,398,2.4924756384,2.4924756384,0.0,153
863,0.0126246728469,0.0,0.15,0.000104376631498,0.000555671597811,176,450,2.4924757104,2.4924756384,1.0,153
864,0.00358279744978,0.0,0.15,9.0325876954e-05,0.000554969352531,510,711,2.49247593563,2.4924757104,1.0,153
865,0.0,0.00691188313067,0.25,0.000145582933328,0.00054893401483,73,663,2.49247635417,2.49247593563,1.0,153
866,0.00263240537606,0.00557117071003,0.176469765561,0.000107370309706,0.000539199759771,503,869,2.49247637778,2.49247635417,1.0,153
867,0.0001307411585,0.0,0.15,9.84681901173e-05,0.000538427928885,349,382,2.49247637778,2.49247637778,0.0,154
868,0.00217342516407,0.0,0.15,8.36972612888e-05,0.00052643814828,512,867,2.49247651963,2.49247637778,1.0,154
869,0.00373629922979,0.0,0.15,8.53851961438e-05,0.000523462403435,521,125,2.49247672962,2.49247651963,1.0,154
870,0.00952317795599,0.0,0.15,9.29027155507e-05,0.000517723829482,260,447,2.49247694028,2.49247672962,1.0,154
871,0.00366583780123,0.0,0.15,8.25885217637e-05,0.000507043981045,263,299,2.49247747288,2.49247694028,1.0,154
872,3.81178797397e-05,0.0,0.15,0.000131162421894,0.000501567238725,344,537,2.49247835106,2.49247747288,1.0,154
873,0.00135868345387,0.0,0.15,7.84053554526e-05,0.000498413752886,878,618,2.49247885046,2.49247835106,1.0,154
874,0.00668173434679,0.00435266064596,0.13407182832,8.38905689307e-05,0.000491533325925,10,934,2.49247891587,2.49247885046,1.0,154
875,2.35542320297e-05,0.0,0.15,0.00016207160661,0.000487203421058,574,282,2.49247992079,2.49247891587,1.0,154
876,0.00515868840739,0.0,0.15,8.10496494523e-05,0.000485048569773,340,543,2.49247992079,2.49247992079,0.0,155
877,0.0,0.0,0.0,5.2011318985e-07,0.00048267402449,107,114,2.49247992079,2.49247992079,0.0,156
878,0.0132026430219,0.0913049154915,0.219237511877,0.000187626312254,0.00048015849096,13,892,2.49247992079,2.49247992079,0.0,157
879,0.00189817298087,0.0,0.15,7.5013616879e-05,0.000474294660077,99,146,2.49247992079,2.49247992079,0.0,158
880,0.0077425185591,0.0113223167136,0.160482443495,0.000100525001471,0.000474177496365,184,451,2.4924799706,2.49247992079,1.0,158
881,0.0,0.0494575276971,0.25,0.000157474743901,0.000470246446578,261,73,2.49247999293,2.4924799706,1.0,158
882,0.00414018960147,0.0,0.15,7.40649047657e-05,0.000451306557548,335,307,2.4924806982,2.49247999293,1.0,158
883,0.0,0.0,0.0,4.79760558392e-07,0.000447500699643,729,675,2.4924806982,2.4924806982,0.0,159
884,0.0040608746931,0.0,0.15,7.15124260751e-05,0.000436437189098,173,650,2.4924806982,2.4924806982,0.0,160
885,0.0122857020615,0.0,0.15,8.0755307863e-05,0.000432204198218,210,321,2.49248074166,2.4924806982,1.0,160
886,0.00246525648981,0.0,0.15,6.72723035677e-05,0.000422136591456,78,109,2.49248087563,2.49248074166,1.0,160
887,0.00181417036219,0.0,0.15,6.45096952212e-05,0.000409080690489,235,880,2.49248094905,2.49248087563,1.0,160
888,1.3618206367e-06,0.0,0.15,0.00137815380003,0.000407038823098,427,366,2.49249036385,2.49248094905,1.0,160
889,0.000255642837146,0.0941761508584,0.249323538406,0.000159361661645,0.000402555453003,607,895,2.49249036385,2.49249036385,0.0,161
890,0.0,0.0,0.0,4.20889875841e-07,0.000395588365708,603,12,2.49249036385,2.49249036385,0.0,162
891,0.0,0.0,0.0,3.99862159384e-07,0.000376868036626,887,779,2.49249041243,2.49249036385,1.0,162
892,0.000188892881852,0.0,0.15,6.16641918896e-05,0.000371902220504,182,239,2.49249041243,2.49249041243,0.0,163
893,0.0152957162354,0.0,0.15,7.07896615495e-05,0.00036367628741,38,734,2.49249045038,2.49249041243,1.0,163
894,0.042044264439,0.0485433004797,0.150977608046,0.000119672775327,0.000355311189811,28,33,2.49249045038,2.49249045038,0.0,164
895,6.73035683576e-05,0.0,0.15,6.61821832182e-05,0.000346294602452,785,927,2.49249046204,2.49249045038,1.0,164
896,0.00871756511515,0.0652736052871,0.221252203972,0.000121058088553,0.000345124003999,90,141,2.49249046204,2.49249046204,0.0,165
897,0.0,0.0,0.0,3.62170737844e-07,0.000343069648326,839,194,2.49249046204,2.49249046204,0.0,166
898,0.00423023189068,0.0835029631853,0.238055642988,0.000129700085381,0.000341194636757,74,220,2.49249046204,2.49249046204,0.0,167
899,0.00294231853331,0.0,0.15,5.45769398741e-05,0.00034018812129,154,436,2.49249046279,2.49249046204,1.0,167
900,0.00192793738097,0.0,0.15,5.1273018471e-05,0.000325301630363,537,285,2.49249046279,2.49249046279,0.0,168
901,0.0142777722504,0.0,0.15,5.94951634412e-05,0.000309887112647,420,139,2.49249048566,2.49249046279,1.0,168
902,0.00418976205401,0.0,0.15,4.98494810017e-05,0.000304024312557,673,902,2.49249057125,2.49249048566,1.0,168
903,0.0032271539676,0.0,0.15,4.83314179291e-05,0.000299925500625,828,771,2.49249064487,2.49249057125,1.0,168
904,0.0032869685092,0.0116545623168,0.197775090868,6.20857390459e-05,0.0002667166991,508,855,2.49249067647,2.49249064487,1.0,168
905,0.0,0.0,0.0,2.73977519782e-07,0.000262710411529,907,783,2.49249067647,2.49249067647,0.0,169
906,0.0,0.0879086256027,0.25,9.53751223278e-05,0.000245859850787,6,933,2.49249067647,2.49249067647,0.0,170
907,0.00978576588386,0.0,0.15,4.18227136834e-05,0.000232478359208,293,428,2.49249067891,2.49249067647,1.0,170
908,0.00105213082861,0.0,0.15,3.50868976966e-05,0.000226189761083,611,829,2.49249067891,2.49249067891,0.0,171
909,0.00273496122099,0.0,0.15,3.46051419911e-05,0.000216977887109,813,760,2.49249069585,2.49249067891,1.0,171
910,0.00149266805965,0.0,0.15,3.29909016727e-05,0.000211486272893,898,784,2.49249072987,2.49249069585,1.0,171
911,0.0362402281753,0.0,0.15,4.99527413922e-05,0.000206040970657,133,8,2.49249072987,2.49249072987,0.0,172
912,0.00598045178048,0.00644562067464,0.148419935818,3.74657320208e-05,0.00020167568488,33,739,2.49249073616,2.49249072987,1.0,172
913,0.000394453294575,0.0,0.15,2.83686749754e-05,0.000183208872988,327,160,2.49249073616,2.49249073616,0.0,173
914,0.00199643953238,0.0195212736726,0.227231288383,4.83176154376e-05,0.000178531986115,488,710,2.49249073944,2.49249073616,1.0,173
915,0.00165502040181,0.0,0.15,2.77987437585e-05,0.000177905321665,500,149,2.49249080217,2.49249073944,1.0,173
916,0.00660614029039,0.0,0.15,2.79438208963e-05,0.000163588011948,570,832,2.49249082491,2.49249080217,1.0,173
917,0.00211224984378,0.0,0.15,2.35288189288e-05,0.000149447247101,563,944,2.49249087948,2.49249082491,1.0,173
918,0.00148454180453,0.0,0.15,2.32602851611e-05,0.000149439389697,474,367,2.49249091224,2.49249087948,1.0,173
919,0.00480955236708,0.0,0.15,1.96174787561e-05,0.000118562748226,149,439,2.49249091224,2.49249091224,0.0,174
920,0.000159226678079,0.0,0.15,1.33772227855e-05,8.65021208108e-05,380,372,2.49249091583,2.49249091224,1.0,174
921,0.00114358984865,0.0,0.15,1.25020014821e-05,8.1018711247e-05,553,565,2.49249091905,2.49249091583,1.0,174
922,0.0,0.0,0.0,6.21254017119e-08,6.14982413235e-05,912,622,2.49249091905,2.49249091905,0.0,175
923,0.00118512101471,0.0,0.15,6.39491736365e-06,4.14798511539e-05,528,152,2.49249091905,2.49249091905,0.0,176
924,0.00175362767186,0.0,0.15,4.8349888857e-06,3.10186466767e-05,855,415,2.49249091951,2.49249091905,1.0,176
925,0.00841881174527,0.0,0.15,5.29095950697e-06,3.00846154198e-05,242,23,2.49249091998,2.49249091951,1.0,176
926,0.00459120213054,0.0,0.15,3.88862554246e-06,2.36194510739e-05,170,243,2.49249092084,2.49249091998,1.0,176
927,0.0387071983787,0.00985910743475,0.129875837526,5.98927226747e-06,2.3413209753e-05,376,4,2.49249092084,2.49249092084,0.0,177
928,0.00967539800331,0.0165883041918,0.16729146289,4.62865500594e-06,1.98717018503e-05,22,887,2.4924909209,2.49249092084,1.0,177
929,0.000406669656513,0.0,0.15,1.06991569737e-06,7.06303743406e-06,759,392,2.4924909209,2.4924909209,0.0,178
930,0.00297049288929,0.0,0.15,1.03385445982e-06,6.47728930908e-06,436,150,2.49249092092,2.4924909209,1.0,178
931,0.00894866956514,0.0,0.15,6.33238073533e-07,3.57073098077e-06,377,465,2.49249092092,2.49249092092,1.0,178
932,0.00145415961742,0.0,0.15,4.6109803975e-07,2.97891638696e-06,332,462,2.49249092096,2.49249092092,1.0,178
933,0.00160134106409,0.0,0.15,4.36077016275e-07,2.80869441714e-06,662,497,2.49249092097,2.49249092096,1.0,178
934,0.00294723850675,0.0,0.15,4.1532351247e-07,2.60343643337e-06,88,668,2.49249092098,2.49249092097,1.0,178
935,0.00837834808043,0.0,0.15,4.52549954844e-07,2.57532878357e-06,192,247,2.49249092098,2.49249092098,0.0,179
936,0.00599950336619,0.0,0.15,4.32066400435e-07,2.55930791436e-06,440,859,2.49249092098,2.49249092098,1.0,179
937,0.00174520781729,0.0,0.15,3.93165322521e-07,2.52482230205e-06,649,277,2.49249092098,2.49249092098,1.0,179
938,0.00374182278756,0.0,0.15,3.93799979292e-07,2.43088566532e-06,372,745,2.49249092098,2.49249092098,1.0,179
939,0.00916462903842,0.0,0.15,3.25560080228e-07,1.8295304569e-06,197,320,2.49249092098,2.49249092098,0.0,180
940,0.0012014178792,0.0,0.15,1.32603275915e-07,8.61294129612e-07,91,10,2.49249092098,2.49249092098,1.0,180
941,0.00105151173193,0.0,0.15,5.50129790611e-08,3.58466485453e-07,370,72,2.49249092098,2.49249092098,0.0,181
942,0.00119023444131,0.0,0.15,3.66543453367e-08,2.38143114135e-07,346,383,2.49249092098,2.49249092098,1.0,181
943,0.00424550485332,0.0,0.15,2.47297666789e-08,1.51210952307e-07,47,222,2.49249092098,2.49249092098,1.0,181
