,b1,b2,entrie_b1,entrie_b2,entrie_s,error,s,significance,sumw2_b1,sumw2_b2,sumw2_s,vor_point,vor_region,vor_qt,vor_label
0,0.0,0.0,0.0,0.0,1.0,0.0,0.00315433647484,0.211034298253,0.0,0.0,5.08388075104e-06,138,221,0,0
1,0.0,0.0,0.0,0.0,1.0,0.0,0.00223499629647,0.173262782213,0.0,0.0,4.9952086556e-06,191,323,0,0
2,0.0,0.0,0.0,0.0,1.0,0.0,0.00213739392348,0.168875131846,0.0,0.0,4.56845282315e-06,385,15,0,0
3,0.0,0.0,0.0,0.0,1.0,0.0,0.00208124984056,0.166310832326,0.0,0.0,4.33160084867e-06,334,307,0,0
4,0.0,0.0,0.0,0.0,1.0,0.0,0.0020186540205,0.163415357095,0.0,0.0,4.0749641812e-06,13,347,0,0
5,0.0,0.0,0.0,0.0,1.0,0.0,0.00201484886929,0.163238067007,0.0,0.0,2.22319067689e-06,194,314,1,0
6,0.0,0.0,0.0,0.0,1.0,0.0,0.00193590659183,0.159525821769,0.0,0.0,3.74773435396e-06,321,212,1,0
7,0.0,0.0,0.0,0.0,1.0,0.0,0.00192984740715,0.159238138324,0.0,0.0,3.72431100004e-06,142,273,1,0
8,0.0,0.0,0.0,0.0,1.0,0.0,0.00192897464149,0.159196667365,0.0,0.0,3.72094314116e-06,374,66,1,0
9,0.0,0.0,0.0,0.0,1.0,0.0,0.00190574768931,0.158089922504,0.0,0.0,3.63187427865e-06,99,253,1,0
10,0.0,0.0,0.0,0.0,1.0,0.0,0.00174484378658,0.150252243369,0.0,0.0,3.044479854e-06,169,435,2,0
11,0.0,0.0,0.0,0.0,1.0,0.0,0.00174207787495,0.150114776082,0.0,0.0,3.03483534481e-06,342,107,2,0
12,0.0,0.0,0.0,0.0,1.0,0.0,0.00171248230617,0.148637760256,0.0,0.0,2.93259563477e-06,184,439,2,0
13,0.0,0.0,0.0,0.0,1.0,0.0,0.00171065400355,0.148546146392,0.0,0.0,2.92633717436e-06,81,375,2,0
14,0.0,0.0,0.0,0.0,1.0,0.0,0.00170885352418,0.148455884319,0.0,0.0,2.92018034997e-06,17,475,2,0
15,0.0,0.0,0.0,0.0,1.0,0.0,0.00170237361453,0.148130682744,0.0,0.0,2.89807599074e-06,122,238,3,0
16,0.0,0.0,0.0,0.0,1.0,0.0,0.00170153693762,0.148088653232,0.0,0.0,2.89522790808e-06,477,320,3,0
17,0.0,0.0,0.0,0.0,1.0,0.0,0.00167488411535,0.146744953359,0.0,0.0,2.80523681795e-06,228,171,3,0
18,0.0,0.0,0.0,0.0,1.0,0.0,0.00165869027842,0.145923915509,0.0,0.0,2.75125353255e-06,303,372,3,0
19,0.0,0.0,0.0,0.0,1.0,0.0,0.0016581476666,0.145896343435,0.0,0.0,2.74945364254e-06,397,306,3,0
20,0.0,0.0,0.0,0.0,1.0,0.0,0.00163252674975,0.144589870773,0.0,0.0,2.66514348368e-06,102,317,4,0
21,0.0,0.0,0.0,0.0,1.0,0.0,0.00160904868972,0.143384675279,0.0,0.0,2.58903764916e-06,361,141,4,0
22,0.0,0.0,0.0,0.0,1.0,0.0,0.00160431535915,0.14314075947,0.0,0.0,2.10639313991e-06,260,405,4,0
23,0.0,0.0,0.0,0.0,1.0,0.0,0.00157999282237,0.141882326077,0.0,0.0,2.49637741945e-06,339,404,4,0
24,0.0,0.0,0.0,0.0,1.0,0.0,0.00154093501624,0.139843422375,0.0,0.0,2.37448080043e-06,42,478,4,0
25,0.0,0.0,0.0,0.0,1.0,0.0,0.00152479298413,0.138994106761,0.0,0.0,2.32499360209e-06,255,22,5,0
26,0.0,0.0,0.0,0.0,1.0,0.0,0.00150175590534,0.137775089576,0.0,0.0,2.25527082875e-06,264,399,5,0
27,0.0,0.0,0.0,0.0,1.0,0.0,0.00147214310709,0.136195903629,0.0,0.0,2.16720536628e-06,287,215,5,0
28,0.0,0.0,0.0,0.0,1.0,0.0,0.00144393870141,0.134678716573,0.0,0.0,2.08495907827e-06,218,288,5,0
29,0.0,0.0,0.0,0.0,1.0,0.0,0.00141909881495,0.133331635383,0.0,0.0,2.01384136744e-06,449,407,6,0
30,0.0,0.0,0.0,0.0,1.0,0.0,0.00141274684574,0.132985495988,0.0,0.0,1.99585360861e-06,423,160,6,0
31,0.0,0.0,0.0,0.0,1.0,0.0,0.00140418065712,0.132517606033,0.0,0.0,1.97172334993e-06,404,341,6,0
32,0.0,0.0,0.0,0.0,1.0,0.0,0.00140003417619,0.132290670203,0.0,0.0,1.96009568754e-06,330,445,6,0
33,0.0,0.0,0.0,0.0,1.0,0.0,0.00139523588587,0.132027690182,0.0,0.0,1.9466831418e-06,220,474,6,0
34,0.0,0.0,0.0,0.0,1.0,0.0,0.00139400816988,0.131960338578,0.0,0.0,1.94325866687e-06,137,353,7,0
35,0.0,0.0,0.0,0.0,1.0,0.0,0.00136702111922,0.130473171791,0.0,0.0,1.86874672181e-06,419,418,7,0
36,0.0,0.0,0.0,0.0,1.0,0.0,0.00135899870656,0.130028589461,0.0,0.0,1.84687746696e-06,370,415,7,0
37,0.0,0.0,0.0,0.0,1.0,0.0,0.00135101680644,0.129585100921,0.0,0.0,1.82524638603e-06,266,250,7,0
38,0.0,0.0,0.0,0.0,1.0,0.0,0.00134746695403,0.129387493342,0.0,0.0,1.81566724677e-06,302,196,7,0
39,0.0,0.0,0.0,0.0,1.0,0.0,0.00134432932828,0.12921264155,0.0,0.0,1.80722133791e-06,296,256,8,0
40,0.0,0.0,0.0,0.0,1.0,0.0,0.00131982739549,0.127840965865,0.0,0.0,1.74194440206e-06,3,195,8,0
41,0.0,0.0,0.0,0.0,1.0,0.0,0.00130249129143,0.126863651747,0.0,0.0,1.69648353676e-06,473,102,8,0
42,0.0,0.0,0.0,0.0,1.0,0.0,0.00129502976779,0.126441246717,0.0,0.0,1.67710209098e-06,63,408,8,0
43,0.0,0.0,0.0,0.0,1.0,0.0,0.00127855257597,0.125504634084,0.0,0.0,1.63469667314e-06,146,417,8,0
44,0.0,0.0,0.0,0.0,1.0,0.0,0.00127497559879,0.125300606122,0.0,0.0,1.62556273153e-06,365,352,9,0
45,0.0,0.0,0.0,0.0,1.0,0.0,0.00127204670571,0.125133356313,0.0,0.0,1.61810282862e-06,168,276,9,0
46,0.0,0.0,0.0,0.0,1.0,0.0,0.0012681792723,0.124912252235,0.0,0.0,1.60827869422e-06,104,49,9,0
47,0.0,0.0,0.0,0.0,1.0,0.0,0.00126590114087,0.12478187057,0.0,0.0,1.6025056766e-06,244,118,9,0
48,0.0,0.0,0.0,0.0,1.0,0.0,0.00126319809351,0.124627035887,0.0,0.0,1.59566945968e-06,14,290,9,0
49,0.0,0.0,0.0,0.0,1.0,0.0,0.00125009694602,0.123874502866,0.0,0.0,1.56274234087e-06,341,386,10,0
50,0.0,0.0,0.0,0.0,1.0,0.0,0.00124629109632,0.123655242972,0.0,0.0,1.55324153184e-06,234,361,10,0
51,0.0,0.0,0.0,0.0,1.0,0.0,0.00124589866027,0.123632617448,0.0,0.0,1.55226348397e-06,106,382,10,0
52,0.0,0.0,0.0,0.0,1.0,0.0,0.00124102365226,0.123351291134,0.0,0.0,1.54013969222e-06,33,284,10,0
53,0.0,0.0,0.0,0.0,1.0,0.0,0.00123632291798,0.123079560044,0.0,0.0,1.52849440838e-06,407,378,11,0
54,0.0,0.0,0.0,0.0,1.0,0.0,0.00122306449339,0.122310678232,0.0,0.0,1.49588674958e-06,166,362,11,0
55,0.0,0.0,0.0,0.0,1.0,0.0,0.00122234784067,0.122269013755,0.0,0.0,1.49413426698e-06,57,48,11,0
56,0.0,0.0,0.0,0.0,1.0,0.0,0.00121725467034,0.121972598288,0.0,0.0,1.48170897774e-06,53,130,11,0
57,0.0,0.0,0.0,0.0,1.0,0.0,0.00121648004279,0.121927468185,0.0,0.0,1.47982370891e-06,430,376,11,0
58,0.0,0.0,0.0,0.0,1.0,0.0,0.00120107131079,0.121027102272,0.0,0.0,1.44257228385e-06,278,202,12,0
59,0.0,0.0,0.0,0.0,1.0,0.0,0.00117983378004,0.119777761811,0.0,0.0,1.39200778904e-06,284,210,12,0
60,0.0,0.0,0.0,0.0,1.0,0.0,0.00116699642967,0.119017772097,0.0,0.0,1.36188066335e-06,322,6,12,0
61,0.0,0.0,0.0,0.0,1.0,0.0,0.00116370851174,0.118822531171,0.0,0.0,1.35421748837e-06,315,50,12,0
62,0.0,0.0,0.0,0.0,1.0,0.0,0.00115346955135,0.118212966455,0.0,0.0,1.33049195483e-06,458,217,12,0
63,0.0,0.0,0.0,0.0,1.0,0.0,0.00113490235526,0.117101478863,0.0,0.0,1.28800331822e-06,120,414,13,0
64,0.0,0.0,0.0,0.0,1.0,0.0,0.00112729810644,0.116643957468,0.0,0.0,1.27080102175e-06,204,185,13,0
65,0.0,0.0,0.0,0.0,1.0,0.0,0.00112414278556,0.116453714054,0.0,0.0,1.26369695863e-06,282,214,13,0
66,0.0,0.0,0.0,0.0,1.0,0.0,0.00109440693632,0.11464916992,0.0,0.0,1.19772653306e-06,388,9,13,0
67,0.0,0.0,0.0,0.0,1.0,0.0,0.00107003876474,0.113154224141,0.0,0.0,1.14498300263e-06,379,146,13,0
68,0.0,0.0,0.0,0.0,1.0,0.0,0.00106942735147,0.113116523471,0.0,0.0,1.14367480819e-06,54,16,14,0
69,0.0,0.0,0.0,0.0,1.0,0.0,0.0010530706495,0.112104400038,0.0,0.0,1.10895780381e-06,355,437,14,0
70,0.0,0.0,0.0,0.0,1.0,0.0,0.00105139589868,0.112000380578,0.0,0.0,1.10543328447e-06,58,303,14,0
71,0.0,0.0,0.0,0.0,1.0,0.0,0.00104952871334,0.111884323002,0.0,0.0,1.10151052013e-06,145,326,14,0
72,0.0,0.0,0.0,0.0,1.0,0.0,0.00104029325303,0.111308939743,0.0,0.0,1.08221001938e-06,372,298,14,0
73,0.0,0.0,0.0,0.0,1.0,0.0,0.00102439487819,0.110313160025,0.0,0.0,1.04938487766e-06,93,358,15,0
74,0.0,0.0,0.0,0.0,1.0,0.0,0.00102020043414,0.110049314832,0.0,0.0,1.04080891106e-06,251,448,15,0
75,0.0,0.0,0.0,0.0,1.0,0.0,0.0010124805849,0.109562459976,0.0,0.0,1.02511694422e-06,49,8,15,0
76,0.0,0.0,0.0,0.0,1.0,0.0,0.0010044897208,0.109056792249,0.0,0.0,1.00899956124e-06,298,476,15,0
77,0.0,0.0,0.0,0.0,1.0,0.0,0.00100068899337,0.108815659327,0.0,0.0,1.00137845038e-06,363,296,16,0
78,0.0,0.0,0.0,0.0,1.0,0.0,0.000986078521237,0.10788494529,0.0,0.0,9.72350903794e-07,412,305,16,0
79,0.0,0.0,0.0,0.0,1.0,0.0,0.000985736609437,0.107863092604,0.0,0.0,9.71676627159e-07,327,14,16,0
80,0.0,0.0,0.0,0.0,1.0,0.0,0.000975495320745,0.107206987942,0.0,0.0,9.51591118792e-07,269,431,16,0
81,0.0,0.0,0.0,0.0,1.0,0.0,0.00097313610604,0.10705541762,0.0,0.0,9.46993907291e-07,448,42,16,0
82,0.0,0.0,0.0,0.0,1.0,0.0,0.000970076187514,0.106858589232,0.0,0.0,9.41047801462e-07,357,391,17,0
83,0.0,0.0,0.0,0.0,1.0,0.0,0.000947717693634,0.105412026509,0.0,0.0,8.98168821095e-07,60,139,17,0
84,0.0,0.0,0.0,0.0,1.0,0.0,0.000931759714149,0.104370387671,0.0,0.0,8.68176186941e-07,450,138,17,0
85,0.0,0.0,0.0,0.0,1.0,0.0,0.000927178072743,0.104069882692,0.0,0.0,8.59659166963e-07,307,394,17,0
86,0.0,0.0,0.0,0.0,1.0,0.0,0.000919468700886,0.103562758613,0.0,0.0,8.45422675866e-07,40,370,17,0
87,0.0,0.0,0.0,0.0,1.0,0.0,0.000910415838007,0.102964871876,0.0,0.0,8.28857025681e-07,103,395,18,0
88,0.0,0.0,0.0,0.0,1.0,0.0,0.000908578629605,0.102843217562,0.0,0.0,8.25515144243e-07,310,197,18,0
89,0.0,0.0,0.0,0.0,1.0,0.0,0.000905463297386,0.102636682914,0.0,0.0,8.1986377154e-07,156,345,18,0
90,0.0,0.0,0.0,0.0,1.0,0.0,0.000897422141861,0.102102139615,0.0,0.0,8.05366482837e-07,387,287,18,0
91,0.0,0.0,0.0,0.0,1.0,0.0,0.000896749086678,0.102057302562,0.0,0.0,8.04158901246e-07,406,162,18,0
92,0.0,0.0,0.0,0.0,1.0,0.0,0.000878228573129,0.100817671098,0.0,0.0,7.71285442625e-07,112,440,19,0
93,0.0,0.0,0.0,0.0,1.0,0.0,0.000876263191458,0.100685452679,0.0,0.0,7.6783720715e-07,69,482,19,0
94,0.0,0.0,0.0,0.0,1.0,0.0,0.000864211120643,0.0998718058419,0.0,0.0,7.46860848722e-07,46,113,19,0
95,0.0,0.0,0.0,0.0,1.0,0.0,0.000858474522829,0.0994827764149,0.0,0.0,7.36978506666e-07,186,248,19,0
96,0.0,0.0,0.0,0.0,1.0,0.0,0.000839925487526,0.09821700238,0.0,0.0,7.05474803908e-07,12,412,19,0
97,0.0,0.0,0.0,0.0,1.0,0.0,0.000823824550025,0.0971083219764,0.0,0.0,6.78686888023e-07,94,350,20,0
98,0.0,0.0,0.0,0.0,1.0,0.0,0.000815915351268,0.0965602353046,0.0,0.0,6.65717834636e-07,253,207,20,0
99,0.0,0.0,0.0,0.0,1.0,0.0,0.000798116612714,0.0953182539605,0.0,0.0,6.36990137082e-07,258,381,20,0
100,0.0,0.0,0.0,0.0,1.0,0.0,0.000774510437623,0.0936521744264,0.0,0.0,5.99866439188e-07,283,183,20,0
101,0.0,0.0,0.0,0.0,1.0,0.0,0.000749221770093,0.0918425072821,0.0,0.0,5.61333251881e-07,47,41,20,0
102,0.0,0.0,0.0,0.0,1.0,0.0,0.000742401287425,0.0913498774905,0.0,0.0,5.51159644147e-07,453,19,21,0
103,0.0,0.0,0.0,0.0,1.0,0.0,0.000739822455216,0.0911630985495,0.0,0.0,5.47337265289e-07,325,471,21,0
104,0.0,0.0,0.0,0.0,1.0,0.0,0.000734836561605,0.0908011728016,0.0,0.0,5.39984796433e-07,195,68,21,0
105,0.0,0.0,0.0,0.0,1.0,0.0,0.000680285855196,0.0867687822279,0.0,0.0,4.62788847244e-07,175,304,21,0
106,0.0,0.0,0.0,0.0,1.0,0.0,0.000651855603792,0.0846112754451,0.0,0.0,4.24915725716e-07,444,79,22,0
107,0.0,0.0,0.0,0.0,1.0,0.0,0.000485577125801,0.0710643082617,0.0,0.0,2.35785151403e-07,439,78,22,0
108,0.0,0.0,0.0,0.0,1.0,0.0,0.000276219390798,0.0506574139443,0.0,0.0,7.62971552604e-08,463,356,22,0
109,0.0,0.0,0.0,0.0,1.0,0.0,0.000247397169005,0.0473818617177,0.0,0.0,6.12053625559e-08,304,254,22,0
110,0.0,0.0,0.0,0.0,1.0,0.0,0.000242668305873,0.0468291766768,0.0,0.0,5.8887906107e-08,140,134,22,0
111,0.0,0.0,0.0,0.0,1.0,0.0,0.000242120499024,0.0467648558032,0.0,0.0,5.86223372068e-08,242,157,23,0
112,0.0,0.0,0.0,0.0,1.0,0.0,0.00021509565704,0.0435103284396,0.0,0.0,4.62661411404e-08,421,229,23,0
113,0.0,0.0,0.0,0.0,1.0,0.0,0.000211789403693,0.0431004934336,0.0,0.0,4.48547510246e-08,76,383,23,0
114,0.0,0.0,0.0,0.0,1.0,0.0,0.000197214176296,0.0412603831615,0.0,0.0,3.88934324747e-08,256,224,23,0
115,0.0,0.0,0.0,0.0,1.0,0.0,0.000190454229596,0.0403873867063,0.0,0.0,3.62728123093e-08,182,156,23,0
116,0.0,0.0,0.0,0.0,1.0,0.0,0.000182713018148,0.0393713553588,0.0,0.0,3.33840475264e-08,21,220,24,0
117,0.0,0.0,0.0,0.0,1.0,0.0,0.000178394300747,0.0387965947812,0.0,0.0,3.18245270137e-08,442,275,24,0
118,0.0,0.0,0.0,0.0,1.0,0.0,0.000158693132107,0.0360962795037,0.0,0.0,2.51835103882e-08,231,301,24,0
119,0.0,0.0,0.0,0.0,1.0,0.0,0.000155589776114,0.0356582931459,0.0,0.0,2.42081785728e-08,364,334,24,0
120,0.0,0.0,0.0,0.0,1.0,0.0,0.00015474545944,0.0355384960777,0.0,0.0,2.39461570573e-08,143,37,24,0
121,0.0,0.0,0.0,0.0,1.0,0.0,0.000136569506139,0.0328889199657,0.0,0.0,1.86512298939e-08,467,236,25,0
122,0.0,0.0,0.0,0.0,1.0,0.0,0.000132510511321,0.0322773602135,0.0,0.0,1.75590351148e-08,211,419,25,0
123,0.0,0.0,0.0,0.0,1.0,0.0,0.000124632410007,0.0310674842292,0.0,0.0,1.55332369189e-08,454,354,25,0
124,0.0,0.0,0.0,0.0,1.0,0.0,0.000121658325952,0.0306024493203,0.0,0.0,1.48007481826e-08,436,295,25,0
125,0.0,0.0,0.0,0.0,1.0,0.0,0.000117127907288,0.0298848142145,0.0,0.0,1.37189468674e-08,309,360,25,0
126,0.0,0.0,0.0,0.0,1.0,0.0,0.00011710828403,0.02988168082,0.0,0.0,1.37143505441e-08,235,70,26,0
127,0.0,0.0,0.0,0.0,1.0,0.0,0.000116305331176,0.0297532784277,0.0,0.0,1.35269297985e-08,5,379,26,0
128,0.0,0.0,0.0,0.0,1.0,0.0,0.000115839240607,0.0296785746515,0.0,0.0,1.34187292389e-08,44,204,26,0
129,0.0,0.0,0.0,0.0,1.0,0.0,0.000114868445962,0.0295225738312,0.0,0.0,1.31947599513e-08,39,24,26,0
130,0.0,0.0,0.0,0.0,1.0,0.0,0.000111784953333,0.02902338434,0.0,0.0,1.24958754455e-08,178,154,27,0
131,0.0,0.0,0.0,0.0,1.0,0.0,0.00010497438052,0.0279000025874,0.0,0.0,1.10196207714e-08,326,441,27,0
132,0.0,0.0,0.0,0.0,1.0,0.0,0.000103951526398,0.0277286946586,0.0,0.0,1.08059197146e-08,426,316,27,0
133,0.0,0.0,0.0,0.0,1.0,0.0,0.00010167198343,0.0273443720258,0.0,0.0,1.03371924354e-08,384,359,27,0
134,0.0,0.0,0.0,0.0,1.0,0.0,0.0001011119748,0.0272494098579,0.0,0.0,1.0223631719e-08,2,155,27,0
135,0.0,0.0,0.0,0.0,1.0,0.0,0.000100559052953,0.0271554345698,0.0,0.0,1.01121226947e-08,346,426,28,0
136,0.0,0.0,0.0,0.0,1.0,0.0,9.84681901173e-05,0.0267981103888,0.0,0.0,9.69598445977e-09,61,387,28,0
137,0.0,0.0,0.0,0.0,1.0,0.0,9.50017856667e-05,0.0261986861045,0.0,0.0,9.0253395868e-09,446,213,28,0
138,0.0,0.0,0.0,0.0,1.0,0.0,7.84053554526e-05,0.0231930419755,0.0,0.0,6.14739992244e-09,405,411,28,0
139,0.0,0.0,0.0,0.0,1.0,0.0,6.39623976895e-05,0.0203557469436,0.0,0.0,4.09118827704e-09,91,413,28,0
140,0.0,0.0,0.0,0.0,1.0,0.0,6.17131372564e-05,0.0198911855282,0.0,0.0,3.80851128412e-09,7,73,29,1
141,0.0,0.0,0.0,0.0,1.0,0.0,5.45769398741e-05,0.0183694491459,0.0,0.0,2.97864244381e-09,368,71,29,1
142,0.00382412865293,0.0,4.0,0.0,1.0,0.15,0.00293693924323,0.0150131775419,6.62244562122e-06,0.0,8.62561228132e-06,179,176,29,1
143,0.00178391928785,0.0,1.0,0.0,1.0,0.15,0.00338119454682,0.0149105280367,3.18236811836e-06,0.0,1.143247664e-05,45,108,29,1
144,0.00237442785874,0.0,1.0,0.0,1.0,0.15,0.00291650625877,0.0140546621292,5.63790763408e-06,0.0,4.30187083111e-06,300,363,29,1
145,0.0,0.0,0.0,0.0,1.0,0.0,3.46051419911e-05,0.0136083705159,0.0,0.0,1.19751586425e-09,164,351,30,1
146,0.0192675554426,0.0,10.0,0.0,1.0,0.15,0.00247625028715,0.011739387768,4.44908088185e-05,0.0,6.13181555309e-06,306,58,30,1
147,0.00167999125551,0.0,1.0,0.0,1.0,0.15,0.00250758230686,0.0117230127071,2.82237056126e-06,0.0,6.28796897217e-06,136,443,30,1
148,0.00494669715409,0.0,3.0,0.0,1.0,0.15,0.00215798430145,0.0116173219353,8.25835923024e-06,0.0,4.65689618068e-06,16,51,30,1
149,0.00329233100638,0.0,1.0,0.0,1.0,0.15,0.00219554197975,0.0115558380465,1.08394433482e-05,0.0,4.82040468341e-06,290,178,30,1
150,0.0123171262676,0.0,6.0,0.0,1.0,0.15,0.00225596013479,0.0115318639868,2.65580520136e-05,0.0,5.08935590915e-06,362,179,31,1
151,0.00249496719334,0.0,2.0,0.0,1.0,0.15,0.00222922838293,0.0113711977546,3.19285800288e-06,0.0,4.9694590416e-06,193,187,31,1
152,0.00638399168384,0.0,3.0,0.0,1.0,0.15,0.00205301865935,0.0110895995375,1.40991683111e-05,0.0,4.21488539359e-06,101,242,31,1
153,0.00227306189663,0.0,2.0,0.0,1.0,0.15,0.00215769652277,0.0109332553014,5.10653270494e-06,0.0,4.65565426566e-06,132,452,31,1
154,0.00520260352641,0.0,3.0,0.0,1.0,0.15,0.00200094445609,0.0108555060313,9.447210914e-06,0.0,4.00377894039e-06,343,481,32,1
155,0.00182057044003,0.0,1.0,0.0,1.0,0.15,0.00214745989069,0.0105280260971,3.31447677127e-06,0.0,4.61158379039e-06,67,299,32,1
156,0.00543292098155,0.0,3.0,0.0,1.0,0.15,0.00191873754375,0.0104473018235,1.39702052717e-05,0.0,3.68155383512e-06,320,262,32,1
157,0.00220804661512,0.0,2.0,0.0,1.0,0.15,0.00200905324891,0.0102660654501,2.46425668137e-06,0.0,4.03629474022e-06,92,344,32,1
158,0.0167629203606,0.0,12.0,0.0,1.0,0.15,0.00206013489515,0.0100801115052,3.03827197858e-05,0.0,4.24415566158e-06,329,182,32,1
159,0.00191498864297,0.0,3.0,0.0,1.0,0.15,0.00200399919413,0.0100376046162,2.59475298047e-06,0.0,4.01601255362e-06,227,228,33,1
160,0.00467310479144,0.0,3.0,0.0,1.0,0.15,0.00180905708112,0.00989584049112,8.02463011951e-06,0.0,3.27268753608e-06,80,241,33,1
161,0.00227183802053,0.0,2.0,0.0,1.0,0.15,0.00187228922732,0.00971474141693,4.46460986759e-06,0.0,3.50546702066e-06,216,337,33,1
162,0.0021734116599,0.0,1.0,0.0,1.0,0.15,0.00186869152822,0.00964563698199,4.72371812066e-06,0.0,1.75686477633e-06,243,225,33,1
163,0.0108417497249,0.0,6.0,0.0,1.0,0.15,0.00181095697917,0.00949022003552,1.98758316401e-05,0.0,3.27956513502e-06,456,291,33,1
164,0.00195196943242,0.0,2.0,0.0,1.0,0.15,0.00185360037722,0.00944277567147,3.01764575638e-06,0.0,3.4358342873e-06,158,36,34,1
165,0.00558921566699,0.0,3.0,0.0,1.0,0.15,0.00171532866079,0.0094202095236,1.03099832813e-05,0.0,2.94235246656e-06,48,330,34,1
166,0.00190014380496,0.0,1.0,0.0,1.0,0.15,0.00183916883543,0.00934593057197,3.61054640052e-06,0.0,3.3825419905e-06,257,25,34,1
167,0.00296052265913,0.0,2.0,0.0,1.0,0.15,0.00171285844408,0.0092380813055,4.44250599685e-06,0.0,2.93388416139e-06,111,103,34,1
168,0.00362085842062,0.0,2.0,0.0,1.0,0.15,0.00165174691938,0.00905202932093,7.67175868077e-06,0.0,2.72826787295e-06,221,201,34,1
169,0.00198423117399,0.0,1.0,0.0,1.0,0.15,0.00173496478237,0.00895932010423,3.93717346014e-06,0.0,3.01010277326e-06,425,465,35,1
170,0.0013711102074,0.0,1.0,0.0,1.0,0.15,0.00186836358625,0.00895652519717,1.87994317002e-06,0.0,3.49078254658e-06,460,385,35,1
171,0.00162769349117,0.0,2.0,0.0,1.0,0.15,0.0017933686031,0.00893875456281,2.50262211532e-06,0.0,3.21617085319e-06,468,52,35,1
172,0.00660188886105,0.0,5.0,0.0,1.0,0.15,0.00162834755611,0.00892705318611,1.01891632909e-05,0.0,2.65151584244e-06,311,265,35,1
173,0.00146330078132,0.0,1.0,0.0,1.0,0.15,0.00178984226659,0.00876294431312,2.14124906961e-06,0.0,3.2035352433e-06,135,142,35,1
174,0.00150139618199,0.0,1.0,0.0,1.0,0.15,0.00175568519626,0.00866822065902,2.25419057642e-06,0.0,3.08243056679e-06,366,455,36,2
175,0.00302237771393,0.0,5.0,0.0,1.0,0.15,0.00158816063777,0.0086571374477,5.17457592864e-06,0.0,2.52225413533e-06,420,446,36,2
176,0.00596944842254,0.0,5.0,0.0,1.0,0.15,0.0015641177306,0.00863103908751,1.03422584061e-05,0.0,2.44646435021e-06,163,153,36,2
177,0.00378816807643,0.0,2.0,0.0,1.0,0.15,0.00155359774362,0.00858116296832,7.17765533409e-06,0.0,2.41366592491e-06,317,106,36,2
178,0.00241608871147,0.0,1.0,0.0,1.0,0.15,0.00160410220269,0.00857573969724,5.8374848777e-06,0.0,2.5731437745e-06,369,104,37,1
179,0.00537614143103,0.0,4.0,0.0,1.0,0.15,0.00153992685955,0.00852994044704,9.56885375558e-06,0.0,2.37137464865e-06,88,93,37,1
180,0.00152165058535,0.0,1.0,0.0,1.0,0.15,0.00171593565028,0.00852972544352,2.31542048823e-06,0.0,2.94443520943e-06,237,77,37,1
181,0.00169777148403,0.0,1.0,0.0,1.0,0.15,0.00167140108533,0.00849687716936,2.88242790702e-06,0.0,2.79358164335e-06,478,444,37,1
182,0.0013803737238,0.0,1.0,0.0,1.0,0.15,0.0016855673166,0.00826671942696,1.90543164535e-06,0.0,2.84113707494e-06,11,458,37,1
183,0.0298913722909,0.0088755460456,20.0,1.0,1.0,0.129045769596,0.00194836431183,0.00818805590214,6.31556809301e-05,7.87753160694e-05,3.79612356483e-06,427,13,38,2
184,0.00140059681144,0.0,1.0,0.0,1.0,0.15,0.00165706756525,0.00817613316066,1.96167138711e-06,0.0,2.7458729619e-06,380,169,38,2
185,0.00112220947631,0.0,1.0,0.0,1.0,0.15,0.00174689211417,0.00816275818857,1.25935412143e-06,0.0,3.05163212033e-06,252,92,38,2
186,0.00149603420869,0.0,1.0,0.0,1.0,0.15,0.00162413553335,0.00813622973132,2.2381184408e-06,0.0,2.63781612375e-06,349,95,38,2
187,0.00250071822666,0.0,1.0,0.0,1.0,0.15,0.00150355510414,0.00813423807555,6.25359143669e-06,0.0,2.26067800213e-06,250,274,38,2
188,0.00652706962138,0.0,5.0,0.0,1.0,0.15,0.00145390117541,0.00802864529252,1.04393540577e-05,0.0,2.11382871385e-06,155,74,39,2
189,0.0015759258531,0.0,1.0,0.0,1.0,0.15,0.00157262012362,0.00799175403173,2.48354240284e-06,0.0,2.47313414548e-06,129,371,39,2
190,0.00495525868609,0.0,2.0,0.0,1.0,0.15,0.00141392147634,0.00789005843023,1.23118311421e-05,0.0,1.99917394639e-06,381,260,39,2
191,0.00897939580318,0.0,6.0,0.0,1.0,0.15,0.00146207271609,0.00788584340614,1.72017165312e-05,0.0,2.13765656554e-06,431,72,39,2
192,0.0149020533572,0.0,10.0,0.0,1.0,0.15,0.00156319886446,0.00786729350026,2.89889513834e-05,0.0,2.4435908017e-06,360,123,39,2
193,0.00357229924702,0.0,3.0,0.0,1.0,0.15,0.00141354557127,0.00786381156742,5.77381823774e-06,0.0,1.99811097445e-06,276,389,40,1
194,0.00391524151928,0.0,3.0,0.0,1.0,0.15,0.00140572106466,0.00784246893115,7.5692179442e-06,0.0,1.97605163521e-06,37,40,40,1
195,0.00132891268004,0.0,1.0,0.0,1.0,0.15,0.00158517120872,0.0078180012534,1.76600894974e-06,0.0,2.51276765084e-06,418,397,40,1
196,0.0025167135027,0.0,2.0,0.0,1.0,0.15,0.00140797975473,0.00768496094172,5.74991233826e-06,0.0,1.98240695681e-06,440,91,40,1
197,0.00499571085674,0.0,5.0,0.0,1.0,0.15,0.00137174932752,0.0076700820092,9.59035779502e-06,0.0,1.88169622106e-06,447,423,40,1
198,0.00604671757901,0.0,5.0,0.0,1.0,0.15,0.00136905279942,0.00761310931925,9.05130736405e-06,0.0,1.87430555343e-06,367,62,41,2
199,0.00833221078938,0.0,6.0,0.0,1.0,0.15,0.00139747047797,0.0076037073363,1.84543529946e-05,0.0,1.95292363969e-06,98,121,41,2
200,0.00298458670659,0.0,2.0,0.0,1.0,0.15,0.00136936793569,0.00758366676595,8.69800945491e-06,0.0,1.87516855021e-06,340,388,41,2
201,0.00433214742225,0.000168037702679,4.0,1.0,1.0,0.144700403039,0.00130852358416,0.00757449333177,6.6623659336e-06,2.82366698912e-08,1.71223393863e-06,347,283,41,2
202,0.00282586005051,0.0,2.0,0.0,1.0,0.15,0.00136146938894,0.00752110115578,4.01770284953e-06,0.0,1.85359886018e-06,246,355,41,2
203,0.00175116063474,0.0,2.0,0.0,1.0,0.15,0.001434950158,0.00751952249747,2.72287752257e-06,0.0,2.05908190765e-06,324,244,42,3
204,0.00258205263526,0.0,2.0,0.0,1.0,0.15,0.0013670665212,0.0075030242619,4.8907531891e-06,0.0,1.86887086784e-06,181,367,42,3
205,0.00275323847018,0.0,2.0,0.0,1.0,0.15,0.00134583248291,0.00743228704614,6.95368019432e-06,0.0,1.81126506504e-06,312,308,42,3
206,0.0044530480809,0.0,3.0,0.0,1.0,0.15,0.00131807802245,0.00739915857488,9.26267055234e-06,0.0,1.73732962594e-06,223,46,42,3
207,0.00649159588101,0.0,6.0,0.0,1.0,0.15,0.00131968478672,0.0073280999213,1.06673638108e-05,0.0,1.74156798494e-06,215,59,43,2
208,0.00390787504147,0.0,2.0,0.0,1.0,0.15,0.00128230894916,0.00720918147078,7.88469492364e-06,0.0,1.64431628491e-06,331,173,43,2
209,0.0017282073386,0.0,1.0,0.0,1.0,0.15,0.00136540073436,0.00719961910739,2.98670056509e-06,0.0,1.86431918792e-06,429,186,43,2
210,0.0161175148242,0.0,11.0,0.0,1.0,0.15,0.00144388352055,0.00718091466184,3.11745372663e-05,0.0,2.08479968933e-06,79,280,43,2
211,0.00160134106409,0.0,1.0,0.0,1.0,0.15,0.00137745263055,0.00717982421757,2.56429325418e-06,0.0,1.89737579603e-06,173,436,43,2
212,0.0156414960511,0.00972781237215,9.0,1.0,1.0,0.133201324201,0.00150463765021,0.00714804076465,2.8712006042e-05,5.26084331796e-05,2.26393444791e-06,126,128,44,3
213,0.00225196382962,0.0,1.0,0.0,1.0,0.15,0.0013093148591,0.00714531782469,5.07134109284e-06,0.0,1.7143054265e-06,392,433,44,3
214,0.00499441346255,0.0,6.0,0.0,1.0,0.15,0.00126569007989,0.00711519192177,6.53494421615e-06,0.0,1.60197134846e-06,62,424,44,3
215,0.00775482109749,0.0,9.0,0.0,1.0,0.15,0.00129529309925,0.00711345960874,9.75119684376e-06,0.0,1.67778421201e-06,73,63,44,3
216,0.00187572964933,0.0,1.0,0.0,1.0,0.15,0.00133039988577,0.00711256383273,3.51836160917e-06,0.0,1.76996388745e-06,422,373,44,3
217,0.00339321151114,0.0,4.0,0.0,1.0,0.15,0.00126658030786,0.00710663007669,5.39891319969e-06,0.0,1.60422564477e-06,32,116,45,3
218,0.00114168832079,0.0,1.0,0.0,1.0,0.15,0.00145438837353,0.00709938784663,1.3034522226e-06,0.0,2.11524547922e-06,27,243,45,3
219,0.00139821122866,0.0,1.0,0.0,1.0,0.15,0.00138639414217,0.00707509144691,1.95499455913e-06,0.0,1.92208881344e-06,90,180,45,3
220,0.0,0.0,0.0,0.0,1.0,0.0,1.33772227855e-05,0.0070636183602,0.0,0.0,1.78950090857e-10,263,205,45,3
221,0.00183684506919,0.0,1.0,0.0,1.0,0.15,0.00131290254649,0.00701587305482,3.37399978889e-06,0.0,1.72371312601e-06,214,111,45,3
222,0.00170688804064,0.0,2.0,0.0,1.0,0.15,0.00132650404703,0.00701521891266,2.78069687553e-06,0.0,1.75961304194e-06,229,310,46,2
223,0.0011525755981,0.0,1.0,0.0,1.0,0.15,0.00142268603668,0.00698879583595,1.3284304714e-06,0.0,2.02403566618e-06,150,398,46,2
224,0.00201032008044,0.0,1.0,0.0,1.0,0.15,0.00128829339519,0.00697055854143,4.04138700105e-06,0.0,1.65969981936e-06,411,251,46,2
225,0.00249135470949,0.0,1.0,0.0,1.0,0.15,0.0012564919889,0.00694657383454,6.20684841124e-06,0.0,1.5787720713e-06,152,289,46,2
226,0.00599945348222,0.0,3.0,0.0,1.0,0.15,0.00124058232177,0.00693903274397,1.23121367324e-05,0.0,1.53904454692e-06,4,403,46,2
227,0.00202700146474,0.0,1.0,0.0,1.0,0.15,0.00127040571533,0.0068925212654,4.10873508372e-06,0.0,1.61393063536e-06,210,96,47,3
228,0.0022403554467,0.0,2.0,0.0,1.0,0.15,0.00125055969693,0.00686113876842,4.50725175316e-06,0.0,6.56923111819e-06,301,143,47,3
229,0.00276322301943,0.0,2.0,0.0,1.0,0.15,0.0012279964285,0.00685047397719,3.81869585908e-06,0.0,1.50797518472e-06,377,237,47,3
230,0.0041739923181,0.0,2.0,0.0,1.0,0.15,0.00120863958728,0.00682881650353,8.92382126949e-06,0.0,1.46080969898e-06,314,425,47,3
231,0.00324074865784,0.0,2.0,0.0,1.0,0.15,0.00120884634089,0.00680145951377,5.6730449387e-06,0.0,1.46130946632e-06,481,148,48,2
232,0.00197500456125,0.0,1.0,0.0,1.0,0.15,0.00125031976495,0.00678058808253,3.9006431507e-06,0.0,1.56329952006e-06,424,472,48,2
233,0.00629469908017,0.0,4.0,0.0,1.0,0.15,0.00121303345077,0.0067763415367,1.38431219803e-05,0.0,1.47145010487e-06,72,400,48,2
234,0.00142599048559,0.0,1.0,0.0,1.0,0.15,0.00130802614149,0.00676462149452,2.03344893634e-06,0.0,1.71093233803e-06,401,135,48,2
235,0.0107599218609,0.0,6.0,0.0,1.0,0.15,0.00127223983873,0.00675820443441,2.08597029996e-05,0.0,1.61859418313e-06,162,81,48,2
236,0.00213961536065,0.0,2.0,0.0,1.0,0.15,0.00123389833607,0.00675420291005,3.65860582719e-06,0.0,1.52250515839e-06,71,393,49,2
237,0.00117534492165,0.0,1.0,0.0,1.0,0.15,0.001346842153,0.00671328971765,1.38143570894e-06,0.0,1.81398377208e-06,472,167,49,2
238,0.00141361379065,0.0,1.0,0.0,1.0,0.15,0.00128176668659,0.00664348169506,1.99830401471e-06,0.0,1.64292589488e-06,274,97,49,2
239,0.00514047499746,0.0,3.0,0.0,1.0,0.15,0.00117449124809,0.00662825416439,9.33282569804e-06,0.0,1.37942970468e-06,149,89,49,2
240,0.00549896631855,0.0,3.0,0.0,1.0,0.15,0.00116822565906,0.00657996462975,1.01476241525e-05,0.0,1.36475114232e-06,393,259,49,2
241,0.00171146751381,0.0,1.0,0.0,1.0,0.15,0.00122830702458,0.00657437363856,2.92912113764e-06,0.0,1.50873813709e-06,248,313,50,2
242,0.00350354597321,0.0,3.0,0.0,1.0,0.15,0.00115806481335,0.00655334707326,4.93572507309e-06,0.0,1.34111405714e-06,38,339,50,2
243,0.00398840046546,0.0,3.0,0.0,1.0,0.15,0.0011543527944,0.0065435865561,8.32309297571e-06,0.0,1.33253035983e-06,165,459,50,2
244,0.0017361411592,0.0,2.0,0.0,1.0,0.15,0.00121772638522,0.00653691030341,1.91575512076e-06,0.0,1.48285755586e-06,30,267,50,2
245,0.00867218841449,0.0,6.0,0.0,1.0,0.15,0.00119365390856,0.00651093567218,1.68739428261e-05,0.0,1.42480962495e-06,151,31,50,2
246,0.00185205752496,0.0,1.0,0.0,1.0,0.15,0.00120184582192,0.00650987408224,3.51647736352e-06,0.0,1.44443333738e-06,160,234,51,3
247,0.00408894848079,0.0,3.0,0.0,1.0,0.15,0.00114077527542,0.00647227724435,7.2873613135e-06,0.0,1.30136822918e-06,292,338,51,3
248,0.00485293043312,0.0,2.0,0.0,1.0,0.15,0.00114292139187,0.00647030961761,1.3892097968e-05,0.0,1.30626926875e-06,207,392,51,3
249,0.00248940046186,0.0,3.0,0.0,1.0,0.15,0.00114878627937,0.00641440967263,5.30257377314e-06,0.0,1.31970989514e-06,189,203,51,3
250,0.00432289077434,0.0,2.0,0.0,1.0,0.15,0.00112994480878,0.00641328539374,6.47258616482e-06,0.0,1.27677526507e-06,358,85,51,3
251,0.00357532827184,0.0,2.0,0.0,1.0,0.15,0.00112463964615,0.00638145069485,6.41495830678e-06,0.0,1.26481438656e-06,51,84,52,3
252,0.00133013830055,0.0,1.0,0.0,1.0,0.15,0.00123137631454,0.00636865733972,1.76926789663e-06,0.0,1.51628762524e-06,438,124,52,3
253,0.00341675884556,0.0,2.0,0.0,1.0,0.15,0.00112027162686,0.00635347696148,5.92727337789e-06,0.0,1.25500855575e-06,382,252,52,3
254,0.00187857099809,0.0,1.0,0.0,1.0,0.15,0.00116576056462,0.00634995473299,3.52902907252e-06,0.0,1.35899767884e-06,445,170,52,3
255,0.00182499700168,0.0,3.0,0.0,1.0,0.15,0.00116892543156,0.00634600245067,2.34000723865e-06,0.0,1.36638664117e-06,114,144,53,4
256,0.0116715244076,0.0,9.0,0.0,1.0,0.15,0.00120268680621,0.006329649172,2.30761926687e-05,0.0,1.44645559885e-06,83,282,53,4
257,0.022409304016,0.0,12.0,0.0,1.0,0.15,0.00133826013189,0.00622314021471,4.43128580656e-05,0.0,1.7909401322e-06,297,43,53,4
258,0.00151136329168,0.0,3.0,0.0,1.0,0.15,0.00117166514974,0.00622009026912,2.13400057602e-06,0.0,1.37279926093e-06,52,114,53,4
259,0.0128968410427,0.0,8.0,0.0,1.0,0.15,0.0011842980748,0.00614386466517,2.21154128894e-05,0.0,1.40256190662e-06,118,26,53,4
260,0.00567659495574,0.0,5.0,0.0,1.0,0.15,0.00108674820513,0.0061361523431,9.90094106258e-06,0.0,1.1810216165e-06,24,469,54,3
261,0.00647225254216,0.0,3.0,0.0,1.0,0.15,0.00109070108738,0.00611359011278,1.7258795765e-05,0.0,1.18962884699e-06,408,235,54,3
262,0.00628144659549,0.0,6.0,0.0,1.0,0.15,0.00108673563227,0.00610350459758,8.82906297847e-06,0.0,1.18099433166e-06,124,1,54,3
263,0.00592249601323,0.0,4.0,0.0,1.0,0.15,0.0010804196354,0.00608953101973,1.22644449014e-05,0.0,1.16730655009e-06,441,312,54,3
264,0.00137063465081,0.0,1.0,0.0,1.0,0.15,0.0011588872876,0.0060822832542,1.87863929568e-06,0.0,1.3430197896e-06,376,325,54,3
265,0.00694265239871,0.0,3.0,0.0,1.0,0.15,0.00108966266271,0.00607911476623,1.62407654898e-05,0.0,1.18736477361e-06,15,126,55,3
266,0.0022497610189,0.0,1.0,0.0,1.0,0.15,0.0010879165493,0.00606955487076,5.06142441736e-06,0.0,1.18356240364e-06,281,239,55,3
267,0.00899734557606,0.0,5.0,0.0,1.0,0.15,0.00111417321023,0.00606873954558,1.65087976711e-05,0.0,1.24138193769e-06,233,33,55,3
268,0.00173197798722,0.0,2.0,0.0,1.0,0.15,0.00111238041427,0.00604679367581,2.38724437551e-06,0.0,1.23739016544e-06,319,366,55,3
269,0.00152107453323,0.0,2.0,0.0,1.0,0.15,0.00112494523637,0.00601439200401,1.82639660906e-06,0.0,1.26550173718e-06,265,421,55,3
270,0.00313534738961,0.0,2.0,0.0,1.0,0.15,0.00105033582076,0.00597632035171,4.91982177664e-06,0.0,1.10320536351e-06,141,451,56,2
271,0.00307555694599,0.0,2.0,0.0,1.0,0.15,0.00105061940849,0.0059745568805,4.76025729767e-06,0.0,1.10380119622e-06,348,340,56,2
272,0.00111217249651,0.0,1.0,0.0,1.0,0.15,0.00117838778533,0.00596959039204,1.23692768739e-06,0.0,1.38859775234e-06,119,231,56,2
273,0.0,0.00722843129188,0.0,1.0,1.0,0.25,0.00168518687133,0.00596426584265,0.0,5.22502195963e-05,2.83985468741e-06,409,3,56,2
274,0.00166470940166,0.0,3.0,0.0,1.0,0.15,0.00109647517093,0.00594667319719,1.77413817503e-06,0.0,1.20225774936e-06,134,94,56,2
275,0.00109287103851,0.0,2.0,0.0,1.0,0.15,0.00117044209037,0.00591925418547,1.19056842929e-06,0.0,1.36993469368e-06,199,34,57,4
276,0.00271448667627,0.0,2.0,0.0,1.0,0.15,0.00104277732316,0.00590667137377,3.68919324956e-06,0.0,1.08738458948e-06,354,269,57,4
277,0.00265624199528,0.0,2.0,0.0,1.0,0.15,0.00104325881694,0.00590329029891,4.02168467417e-06,0.0,1.08838901269e-06,176,137,57,4
278,0.00536085816565,0.0,3.0,0.0,1.0,0.15,0.00103368191049,0.00586587822924,1.04946502688e-05,0.0,1.06849824988e-06,323,32,57,4
279,0.00116152712144,0.0,1.0,0.0,1.0,0.15,0.00113242899533,0.00582049028004,1.34914523642e-06,0.0,1.28239537389e-06,59,462,58,2
280,0.000601384788752,0.0,1.0,0.0,1.0,0.15,0.00135467550717,0.00581742707054,3.61663666126e-07,0.0,1.83514578111e-06,107,384,58,2
281,0.00137215980794,0.0,1.0,0.0,1.0,0.15,0.00109822675586,0.00581526615393,1.88282251656e-06,0.0,1.20610195609e-06,344,460,58,2
282,0.000618505524471,0.0,1.0,0.0,1.0,0.15,0.00133919436485,0.00581104314045,3.82549075084e-07,0.0,1.79344158369e-06,121,396,58,2
283,0.00135628329008,0.0,2.0,0.0,1.0,0.15,0.00109153683297,0.00577636440124,1.25011674612e-06,0.0,1.19145261124e-06,29,190,58,2
284,0.00664358318318,0.0,4.0,0.0,1.0,0.15,0.00102972949389,0.00577607429606,1.38244934362e-05,0.0,1.06034281089e-06,10,245,59,3
285,0.00884006124397,0.0,6.0,0.0,1.0,0.15,0.00105072150473,0.00574459506204,1.84429403998e-05,0.0,1.10401572329e-06,249,192,59,3
286,0.0019035275327,0.0,1.0,0.0,1.0,0.15,0.00103162159212,0.00571495900014,3.6234171148e-06,0.0,1.06424306523e-06,286,293,59,3
287,0.00513933738694,0.0,2.0,0.0,1.0,0.15,0.00100071111228,0.00569759333272,1.5039921891e-05,0.0,1.00142267456e-06,84,324,59,3
288,0.00246331797098,0.0,3.0,0.0,1.0,0.15,0.00100407167338,0.00568104210422,3.43674108904e-06,0.0,1.00815987025e-06,462,456,59,3
289,0.00170763232745,0.0,1.0,0.0,1.0,0.15,0.00103469751775,0.00567133110364,2.9160082704e-06,0.0,1.07059895527e-06,77,318,60,3
290,0.00729722020332,0.0,5.0,0.0,1.0,0.15,0.00101698643994,0.00566725311802,1.66649021978e-05,0.0,1.0342614587e-06,190,430,60,3
291,0.0165618116662,0.0,10.0,0.0,1.0,0.15,0.00113649107516,0.00564988664514,3.91885820532e-05,0.0,1.29161196583e-06,183,120,60,3
292,0.00148887750402,0.00751543045044,2.0,1.0,1.0,0.210131005634,0.00135873723775,0.00564182850815,1.75515636158e-06,5.6481694628e-05,1.84616692422e-06,476,147,60,3
293,0.00118408328854,0.0,1.0,0.0,1.0,0.15,0.00108504551463,0.00563615074745,1.4020532717e-06,0.0,1.17732372473e-06,200,122,60,3
294,0.00691296253717,0.0441139228642,7.0,1.0,1.0,0.217084039283,0.00177184981294,0.0056078764307,1.04273922086e-05,0.00194603821728,3.13945179187e-06,410,117,61,5
295,0.00115113740321,0.0,1.0,0.0,1.0,0.15,0.00108250358608,0.00560079154923,1.32511729589e-06,0.0,1.17181400583e-06,474,271,61,5
296,0.0198596533737,0.0,11.0,0.0,1.0,0.15,0.00116879236884,0.00559582613691,4.09605640357e-05,0.0,1.36607559398e-06,457,61,61,5
297,0.00117923133075,0.0,1.0,0.0,1.0,0.15,0.00106983329169,0.00556724035415,1.39058647619e-06,0.0,1.14454326194e-06,36,255,61,5
298,0.0123408388754,0.0,11.0,0.0,1.0,0.15,0.00105799897574,0.00554017699687,1.95924045796e-05,0.0,1.11936185476e-06,19,28,61,5
299,0.00913464627228,0.0,5.0,0.0,1.0,0.15,0.00101272831671,0.00552332973239,1.86902097994e-05,0.0,1.02561864423e-06,294,199,62,3
300,0.00405494349252,0.0,4.0,0.0,1.0,0.15,0.000962326128501,0.00552197584112,6.55860351984e-06,0.0,9.26071550111e-07,65,76,62,3
301,0.0020228610374,0.0126781230792,1.0,1.0,1.0,0.216585619874,0.00138645141851,0.0054381935085,4.0919667299e-06,0.000145180703839,1.92224752027e-06,395,206,62,3
302,0.00171724299435,0.0,1.0,0.0,1.0,0.15,0.000981668126769,0.00542047202713,2.94892356578e-06,0.0,9.63672277976e-07,232,285,62,3
303,0.00332313337275,0.0,4.0,0.0,1.0,0.15,0.000941616657656,0.00540966627352,5.17904236474e-06,0.0,8.86641942088e-07,417,450,62,3
304,0.0105616041146,0.0,9.0,0.0,1.0,0.15,0.00100912281778,0.00540801837685,1.91034509764e-05,0.0,1.01832881683e-06,285,390,63,5
305,0.00346913962858,0.0,3.0,0.0,1.0,0.15,0.000931613671128,0.00535847817728,5.59936646737e-06,0.0,8.67904020652e-07,205,240,63,5
306,0.00822349564988,0.0,6.0,0.0,1.0,0.15,0.000967184954789,0.00534102699436,1.9168546741e-05,0.0,9.35446735184e-07,70,174,63,5
307,0.0,0.0,0.0,0.0,1.0,0.0,9.0933899628e-06,0.00533691371471,0.0,0.0,8.2689743941e-11,435,222,63,5
308,0.00351960811532,0.0,4.0,0.0,1.0,0.15,0.00092460034648,0.00532133169424,5.03386013761e-06,0.0,8.54885797708e-07,31,181,64,4
309,0.00213263439946,0.0,1.0,0.0,1.0,0.15,0.000939081073739,0.00530376895567,4.54812925454e-06,0.0,8.81873290837e-07,209,449,64,4
310,0.00333827808208,0.0126694198698,3.0,1.0,1.0,0.200321930836,0.00128315691836,0.00529645348333,5.12537956255e-06,0.000123308622278,1.64649168255e-06,428,336,64,4
311,0.00132638360628,0.0,3.0,0.0,1.0,0.15,0.000987297273241,0.00529162257043,1.35269860679e-06,0.0,9.74755948846e-07,224,90,64,4
312,0.00226079557615,0.0067915446125,3.0,1.0,1.0,0.191267798936,0.00116522610188,0.00525697236168,2.94766778453e-06,4.61250783701e-05,1.35775189847e-06,153,69,64,4
313,0.0015467502235,0.0,3.0,0.0,1.0,0.15,0.00095612113364,0.00524190579243,1.15727624106e-06,0.0,9.14167628707e-07,0,115,65,5
314,0.00198335456662,0.0,1.0,0.0,1.0,0.15,0.000920517195482,0.00518394935792,3.9336955524e-06,0.0,8.47351884659e-07,271,53,65,5
315,0.0106509701363,0.0326924361289,8.0,1.0,1.0,0.192135240215,0.00147627713159,0.00516845132607,2.18298694481e-05,0.00106879533269,6.09773633187e-06,212,401,65,5
316,0.0010439575417,0.0,1.0,0.0,1.0,0.15,0.00100039679091,0.00516838470487,1.08984738745e-06,0.0,1.00079375898e-06,279,127,65,5
317,0.0116692085285,0.0,6.0,0.0,1.0,0.15,0.000975804636255,0.00516169267912,2.36138824903e-05,0.0,9.52194682213e-07,230,55,65,5
318,0.00298959412612,0.0,1.0,0.0,1.0,0.15,0.000894532189704,0.00514941865201,8.93767264643e-06,0.0,8.00187820005e-07,174,328,66,4
319,0.00828281891154,0.0105177350342,6.0,1.0,1.0,0.154686100725,0.00106489344034,0.00507776151972,1.37487136103e-05,0.000110622750071,1.13399801194e-06,28,268,66,4
320,0.0128611566615,0.0,8.0,0.0,1.0,0.15,0.000973307935055,0.00507286201509,2.58107050257e-05,0.0,9.47328317125e-07,1,2,66,4
321,0.000865171605255,0.0,1.0,0.0,1.0,0.15,0.00101723300759,0.00507133718053,7.48521927108e-07,0.0,1.03476304503e-06,222,125,66,4
322,0.00237715849653,0.0,1.0,0.0,1.0,0.15,0.000879357510712,0.0050291720255,3.09223855766e-06,0.0,7.73269619003e-07,451,208,66,4
323,0.00182620820124,0.0,1.0,0.0,1.0,0.15,0.000895987672266,0.00502915388862,3.33503635375e-06,0.0,8.02793920229e-07,115,480,67,5
324,0.00774349784477,0.0,5.0,0.0,1.0,0.15,0.000902405648958,0.00502307309898,1.48209937834e-05,0.0,8.14335976429e-07,386,82,67,5
325,0.00552716862877,0.0,4.0,0.0,1.0,0.15,0.000868602946866,0.00496191283722,8.90172911738e-06,0.0,7.54471102482e-07,236,470,67,5
326,0.0204243990011,0.0,13.0,0.0,1.0,0.15,0.00102985312697,0.00490853989893,3.97114079291e-05,0.0,1.0605974694e-06,20,65,67,5
327,0.00288794888184,0.0,2.0,0.0,1.0,0.15,0.00084004260134,0.00485506245463,4.20074695739e-06,0.0,7.05671595824e-07,398,266,67,5
328,0.00214644754305,0.0,1.0,0.0,1.0,0.15,0.000833328580484,0.00476472483055,4.60723686047e-06,0.0,6.9443655093e-07,400,342,68,4
329,0.00143773353193,0.0,1.0,0.0,1.0,0.15,0.000862253364176,0.00475573370754,2.06707773032e-06,0.0,7.43480882193e-07,336,270,68,4
330,0.0,0.00681404583156,0.0,1.0,1.0,0.25,0.00132335477974,0.0047466958983,0.0,4.64312215627e-05,1.75126785962e-06,337,409,68,4
331,0.00249389559031,0.0,1.0,0.0,1.0,0.15,0.000822119647637,0.00473903973592,6.2195153987e-06,0.0,6.75880698964e-07,108,232,68,4
332,0.00212251499761,0.0,2.0,0.0,1.0,0.15,0.000819435983431,0.00468984746911,3.81454402998e-06,0.0,6.71475334002e-07,100,329,69,3
333,0.00350828235969,0.0,2.0,0.0,1.0,0.15,0.000803300528787,0.004665110067,7.13035819899e-06,0.0,6.45291720502e-07,172,457,69,3
334,0.00025116087636,0.0,1.0,0.0,1.0,0.15,0.00145923742093,0.00465481003332,6.30817851288e-08,0.0,2.12937379729e-06,470,233,69,3
335,0.00435802334687,0.0,3.0,0.0,1.0,0.15,0.00080381531734,0.00465228681605,1.01652709041e-05,0.0,6.46119076464e-07,464,246,69,3
336,0.000274894817267,0.0,1.0,0.0,1.0,0.15,0.00137483514845,0.00462469834277,7.55671578645e-08,0.0,1.8901716885e-06,159,473,69,3
337,0.000438972041593,0.0594187527895,2.0,1.0,1.0,0.248169040415,0.00162096670829,0.00462014291846,9.76765406335e-08,0.00353058823384,2.62753314928e-06,203,278,70,5
338,0.00113162747584,0.0,1.0,0.0,1.0,0.15,0.000853647070471,0.00458190892913,1.28058070459e-06,0.0,7.28713303033e-07,240,47,70,5
339,0.00235918455291,0.0,2.0,0.0,1.0,0.15,0.000767873367295,0.00444204646687,2.83655981548e-06,0.0,5.89629507886e-07,241,261,70,5
340,0.0,0.00765993492678,0.0,1.0,1.0,0.25,0.00123179156799,0.00443369605062,0.0,5.86746027693e-05,1.51731046572e-06,125,327,70,5
341,0.00585298443911,0.0,3.0,0.0,1.0,0.15,0.000749591039494,0.00429189473027,1.56416049748e-05,0.0,5.6188673625e-07,217,172,70,5
342,0.00558431993705,0.0,3.0,0.0,1.0,0.15,0.000741210882552,0.00425809924114,1.04632347302e-05,0.0,5.49393575966e-07,394,332,71,5
343,0.0016282669967,0.0,1.0,0.0,1.0,0.15,0.000734171655495,0.00417468726098,2.65125345322e-06,0.0,5.39007999123e-07,188,357,71,5
344,0.00794543186202,0.0,5.0,0.0,1.0,0.15,0.000744117191061,0.00415410991991,1.27935444425e-05,0.0,5.53710378881e-07,318,86,71,5
345,0.0129478343588,0.0514193843119,12.0,2.0,1.0,0.201977579974,0.00135322229471,0.00415280498135,2.12900847245e-05,0.00227346329848,1.83121062491e-06,187,54,71,5
346,0.00209600129165,0.0,1.0,0.0,1.0,0.15,0.000710659020115,0.00411709877341,4.39322138845e-06,0.0,5.05036268805e-07,35,227,71,5
347,0.000186692297575,0.0,1.0,0.0,1.0,0.15,0.00141009956133,0.00408236358412,3.48540147854e-08,0.0,1.98838074539e-06,22,438,72,4
348,0.00231411680579,0.0,1.0,0.0,1.0,0.15,0.000692061905283,0.00403396027792,5.35513663635e-06,0.0,5.34186301593e-06,85,463,72,4
349,0.00296018821974,0.0,3.0,0.0,1.0,0.15,0.000687389052473,0.00402877583013,4.38166464613e-06,0.0,4.72503700166e-07,110,27,72,4
350,0.022432277055,0.0,14.0,0.0,1.0,0.15,0.000845571281388,0.00395209021334,5.57209122526e-05,0.0,7.14990790129e-07,239,60,72,4
351,0.000186970282812,0.0,1.0,0.0,1.0,0.15,0.00133109511808,0.00394138778933,3.49578854753e-08,0.0,1.77181425443e-06,192,447,72,4
352,0.0135645431292,0.0,9.0,0.0,1.0,0.15,0.000754523847718,0.00391487675792,2.54169237248e-05,0.0,5.69306223497e-07,399,4,73,6
353,0.00763201441442,0.0157107170671,5.0,1.0,1.0,0.175262983756,0.000904377026018,0.00385098141926,1.54644198416e-05,0.000246826617513,8.17897785055e-07,259,83,73,6
354,0.0012184366351,0.104147210717,1.0,2.0,1.0,0.24711511567,0.00153069000226,0.0037397171918,1.48458786953e-06,0.00555288069882,2.343011829e-06,128,99,73,6
355,0.000146225051139,0.0,1.0,0.0,1.0,0.15,0.00141018687282,0.00371223315989,2.13817656913e-08,0.0,1.98862699108e-06,170,158,73,6
356,0.000127092600451,0.0,1.0,0.0,1.0,0.15,0.00153115973808,0.00368304373489,1.61525282039e-08,0.0,2.34445019487e-06,350,159,74,5
357,0.000192814404727,0.0,1.0,0.0,1.0,0.15,0.00114373129327,0.00362392616292,3.71773936081e-08,0.0,1.30812122734e-06,261,23,74,5
358,0.00305462931283,0.0,1.0,0.0,1.0,0.15,0.000612761476077,0.00361566779988,9.33075989451e-06,0.0,3.7547661691e-07,208,416,74,5
359,0.00793889239139,0.0538549534976,7.0,1.0,1.0,0.218732119972,0.00119915057439,0.0036048656358,1.25206926569e-05,0.00290035596117,1.43796205521e-06,262,165,74,5
360,0.000140701566124,0.0,1.0,0.0,1.0,0.15,0.00137071486097,0.00359402106983,1.97969303173e-08,0.0,1.87885927971e-06,277,294,74,5
361,0.000709958781954,0.0,1.0,0.0,1.0,0.15,0.000681195699144,0.00353925301961,5.04041452132e-07,0.0,4.64027579028e-07,139,10,75,4
362,0.000210081314436,0.0,2.0,0.0,1.0,0.15,0.00105104083195,0.0035383698791,2.6550715182e-08,0.0,1.10468681669e-06,225,189,75,4
363,0.000264250935289,0.0,2.0,0.0,1.0,0.15,0.00092403794406,0.00350357664114,3.53917686269e-08,0.0,8.53846131577e-07,196,315,75,4
364,0.000264960399363,0.0,1.0,0.0,1.0,0.15,0.000895226490684,0.00343132027197,7.02040097167e-08,0.0,8.01430473985e-07,273,377,75,4
365,0.00425591203384,0.0,2.0,0.0,2.0,0.15,0.000579024781473,0.00340206523727,9.06397872313e-06,0.0,4.66560686618e-06,434,406,75,4
366,0.000150128602399,0.0439741946757,1.0,1.0,1.0,0.249149922685,0.00109446921851,0.00333672494662,2.25385967667e-08,0.0014277464943,1.19786284358e-06,469,466,76,5
367,0.000232698264881,0.0,1.0,0.0,1.0,0.15,0.000905690598302,0.00331896296601,5.41484830308e-08,0.0,8.20275431579e-07,345,164,76,5
368,0.000184773743968,0.0,1.0,0.0,1.0,0.15,0.00100427551661,0.00328444710639,3.41413368687e-08,0.0,1.00856925656e-06,275,98,76,5
369,0.00353727501351,0.0,2.0,0.0,1.0,0.15,0.000538865628187,0.00319339670008,6.28957423032e-06,0.0,2.90376164003e-07,316,101,76,5
370,0.00490606327366,0.0,4.0,0.0,1.0,0.15,0.0005359161878,0.00313575432245,7.78101487598e-06,0.0,2.87206148641e-07,465,365,76,5
371,0.000166095938766,0.0,1.0,0.0,1.0,0.15,0.000979006290436,0.00311034253144,2.75878608846e-08,0.0,9.58453370004e-07,475,209,77,6
372,0.00608439179633,0.0891003087163,5.0,1.0,1.0,0.234215856484,0.00114741467405,0.00295411465969,1.16436864266e-05,0.00411128159612,1.31656042868e-06,89,38,77,6
373,0.000133500871016,0.0,1.0,0.0,1.0,0.15,0.00101130292751,0.0029266451973,1.78224830449e-08,0.0,1.02273361335e-06,414,249,77,6
374,0.000271809723927,0.0,1.0,0.0,1.0,0.15,0.000683689024299,0.00286216647649,7.38805283618e-08,0.0,4.67430680828e-07,383,109,77,6
375,0.00397263592458,0.106138989329,3.0,1.0,1.0,0.241041193338,0.00116544275079,0.00283487937476,7.16377908105e-06,0.0112654846162,8.29934947433e-07,480,331,77,6
376,0.000121687240608,0.0,1.0,0.0,1.0,0.15,0.00096874992596,0.00275084928461,1.4807784332e-08,0.0,9.38476432566e-07,198,348,78,5
377,0.00302565889433,0.0659554451704,2.0,1.0,1.0,0.23912499417,0.000949733832385,0.00266499330258,4.98348265409e-06,0.00435012066737,9.01994326341e-07,268,75,78,5
378,5.83907640248e-05,0.0,1.0,0.0,1.0,0.15,0.00153608678374,0.00263827741702,3.4094813639e-09,0.0,2.35956258621e-06,459,380,78,5
379,8.20897766971e-05,0.0,1.0,0.0,1.0,0.15,0.0011251012329,0.00256623134991,6.73873135071e-09,0.0,1.26585280213e-06,280,149,78,5
380,0.0,0.00628438172862,0.0,1.0,1.0,0.25,0.000675147690345,0.0024912107501,0.0,3.94934540964e-05,4.55824391565e-07,415,374,79,5
381,0.000221798283746,0.0,1.0,0.0,1.0,0.15,0.000592599564698,0.0024400974687,4.91944796011e-08,0.0,3.51174236357e-07,245,477,79,5
382,0.0012807773528,0.0,4.0,0.0,1.0,0.15,0.00040010153316,0.00237023428451,8.08352391247e-07,0.0,1.60081242484e-07,6,422,79,5
383,0.00135064322967,0.0,1.0,0.0,1.0,0.15,0.000397470663302,0.00236260097054,1.82423718798e-06,0.0,1.5798292452e-07,389,168,79,5
384,0.00116965989582,0.0,1.0,0.0,1.0,0.15,0.000315217475872,0.00189269154398,1.36810422191e-06,0.0,9.93620545842e-08,432,110,79,5
385,0.0127158865089,0.0,9.0,0.0,1.0,0.15,0.000333113159286,0.00176255644168,3.10754409899e-05,0.0,1.10964379019e-07,270,64,80,5
386,0.00164700078312,0.0,1.0,0.0,1.0,0.15,0.000281001121039,0.00171757018624,2.71261160378e-06,0.0,7.89616265706e-08,131,432,80,5
387,0.000112710418762,0.0,1.0,0.0,1.0,0.15,0.00047828789684,0.00170618058116,1.27036381414e-08,0.0,2.28759319043e-07,352,321,80,5
388,2.3458056603e-05,0.0,1.0,0.0,1.0,0.15,0.00137659779284,0.00163369092408,5.50280432332e-10,0.0,1.89502145531e-06,201,223,80,5
389,0.00817692675629,0.00857051461935,5.0,1.0,1.0,0.147416973715,0.000299616542179,0.00152033296626,1.49951943058e-05,7.34537243261e-05,8.97700758173e-08,161,467,80,5
390,0.00651339577598,0.0,4.0,0.0,1.0,0.15,0.00025907161762,0.00150342988349,1.40830496447e-05,0.0,6.7118101299e-08,371,420,81,6
391,0.00454918749165,0.0,3.0,0.0,1.0,0.15,0.000243389542447,0.00145637211614,6.93297261023e-06,0.0,5.92384701292e-08,68,175,81,6
392,0.00224972399883,0.0,1.0,0.0,1.0,0.15,0.000231834186707,0.00142792232495,5.06125797983e-06,0.0,5.37470903339e-08,313,286,81,6
393,0.00320116468355,0.0,4.0,0.0,1.0,0.15,0.000229219294852,0.00139899653766,4.20899680975e-06,0.0,5.25414840524e-08,8,188,81,6
394,0.0125477085139,0.0,9.0,0.0,1.0,0.15,0.000262117449893,0.00139219934114,2.15356542373e-05,0.0,6.87055603521e-08,471,7,81,6
395,0.00934754871194,0.0,7.0,0.0,1.0,0.15,0.000225606985623,0.00125562236364,1.72197246205e-05,0.0,5.08985102954e-08,154,5,82,6
396,0.00956132193095,0.0,5.0,0.0,1.0,0.15,0.000211388221942,0.001173243725,2.27551961416e-05,0.0,4.46849810487e-08,25,87,82,6
397,0.00259659157019,0.0,3.0,0.0,1.0,0.15,0.00018547642685,0.00114536038413,3.01215768773e-06,0.0,3.44015056442e-08,293,453,82,6
398,0.00102688267361,0.000660193094518,1.0,1.0,1.0,0.133816472729,0.000162398966495,0.00112634978221,1.05448805243e-06,4.35854929037e-07,2.63734243333e-08,55,311,82,6
399,0.00707491789944,0.0,3.0,0.0,1.0,0.15,0.000191084225662,0.00110243961701,1.70737421285e-05,0.0,3.65131818114e-08,452,300,82,6
400,0.00141127954703,0.0,1.0,0.0,1.0,0.15,0.000174130866071,0.00108404656528,1.99170995074e-06,0.0,3.03215585973e-08,185,346,83,6
401,0.00200142124959,0.0,2.0,0.0,1.0,0.15,0.000169164297404,0.00105282375742,3.47310550452e-06,0.0,2.86165597885e-08,433,281,83,6
402,0.00181323033758,0.0,1.0,0.0,1.0,0.15,0.000168801911059,0.00105182202428,3.28780424752e-06,0.0,2.84940853135e-08,351,112,83,6
403,0.000207582503208,0.0,1.0,0.0,1.0,0.15,0.000172906395164,0.000928939324443,4.30904947279e-08,0.0,2.98966220669e-08,479,193,83,6
404,0.00243545195554,0.0,2.0,0.0,1.0,0.15,0.000147726925206,0.000918107020431,3.3570450455e-06,0.0,2.18232436566e-08,403,257,83,6
405,0.00584822642849,0.0,5.0,0.0,1.0,0.15,0.000152046428411,0.000896128720576,9.8335903722e-06,0.0,2.31181171984e-08,109,45,84,6
406,0.00410722702508,0.0,4.0,0.0,1.0,0.15,0.000142989796586,0.000867392575002,5.2386332854e-06,0.0,2.04460821607e-08,56,152,84,6
407,0.0019420550816,0.0,3.0,0.0,1.0,0.15,0.000133879846544,0.000838142266102,2.61078552111e-06,0.0,1.79238135445e-08,75,277,84,6
408,0.00141048908699,0.0,1.0,0.0,1.0,0.15,0.0001329103834,0.000834650566962,1.98947941499e-06,0.0,1.76651706596e-08,133,302,84,6
409,0.00245591043495,0.0,1.0,0.0,1.0,0.15,0.00013317813864,0.000828968606467,6.03149601375e-06,0.0,1.77364167797e-08,443,219,85,6
410,0.0013752093073,0.0,1.0,0.0,1.0,0.15,0.000131532957312,0.000826241992866,1.89120066807e-06,0.0,1.73009180315e-08,416,427,85,6
411,0.00246993312612,0.0,1.0,0.0,1.0,0.15,0.000130462620291,0.000812188720294,6.10056986261e-06,0.0,1.70204952354e-08,202,263,85,6
412,0.000179105089046,0.0,1.0,0.0,1.0,0.15,0.000151228479808,0.000811060561312,3.20786313068e-08,0.0,2.28700525184e-08,308,105,85,6
413,0.00124448200222,0.0,1.0,0.0,1.0,0.15,0.00012894293468,0.000810195279401,1.54873544034e-06,0.0,1.66262807966e-08,82,319,85,6
414,0.00350226370938,0.00713719287887,3.0,1.0,1.0,0.174823530348,0.000163102289662,0.000799972748777,5.88148322089e-06,5.09395213157e-05,2.66023576501e-08,335,119,86,6
415,0.00366822400247,0.0,4.0,0.0,1.0,0.15,0.000129700085381,0.000793153979119,4.93085708086e-06,0.0,1.68221117036e-08,78,468,86,6
416,0.00101007940248,0.0,1.0,0.0,1.0,0.15,0.000126333907247,0.00079253523481,1.0202603562e-06,0.0,1.59602553396e-08,43,279,86,6
417,0.003539546904,0.0,3.0,0.0,1.0,0.15,0.000127967068693,0.000784279414056,7.62136679896e-06,0.0,1.63755711213e-08,402,194,86,6
418,0.00313180549711,0.0,3.0,0.0,1.0,0.15,0.000125482867588,0.000774163272413,4.29100219535e-06,0.0,1.57459503214e-08,34,198,86,6
419,0.0068952353904,0.0,4.0,0.0,1.0,0.15,0.000131709617563,0.000763932982935,1.27263682543e-05,0.0,1.73474230536e-08,105,429,87,6
420,0.00194047857076,0.0,1.0,0.0,1.0,0.15,0.00012086773495,0.000758237159071,3.7654569951e-06,0.0,1.46090091135e-08,359,132,87,6
421,0.00156374016649,0.0,3.0,0.0,1.0,0.15,0.000119767071737,0.00075378252601,1.64764712484e-06,0.0,1.43441516443e-08,130,100,87,6
422,0.0014973502839,0.0,1.0,0.0,1.0,0.15,0.00011908095621,0.00074980732469,2.2420579171e-06,0.0,1.4180273844e-08,455,17,87,6
423,0.00607715203659,0.0,4.0,0.0,1.0,0.15,0.000117903364298,0.000693465502759,1.24392694643e-05,0.0,1.39012037437e-08,87,461,87,6
424,0.031739206941,0.00985910743475,25.0,1.0,1.0,0.128877190583,0.000166696772794,0.000690342844649,6.14973407724e-05,9.72019988694e-05,2.77878147159e-08,338,29,88,8
425,0.00124793278519,0.0,1.0,0.0,1.0,0.15,0.000109180349682,0.000689312205589,1.55733619067e-06,0.0,1.19203491522e-08,117,67,88,8
426,0.0394342157651,0.0,24.0,0.0,1.0,0.15,0.000169592894963,0.000680798416362,8.88022372873e-05,0.0,2.87617503147e-08,64,30,88,8
427,0.00687427991943,0.0,7.0,0.0,1.0,0.15,0.000115175098472,0.000668723439162,1.11641579491e-05,0.0,1.32653035223e-08,147,166,88,8
428,0.00641140402877,0.0,4.0,0.0,1.0,0.15,0.000113107089419,0.0006617582619,1.42840593718e-05,0.0,1.27932135996e-08,148,177,88,8
429,0.00671370146301,0.0,5.0,0.0,1.0,0.15,0.000109738015453,0.000638972415614,1.15064636592e-05,0.0,1.20424319405e-08,353,150,89,7
430,0.00107384065632,0.0,1.0,0.0,1.0,0.15,0.00010031653801,0.000634481256301,1.15313378046e-06,0.0,1.00634078848e-08,254,309,89,7
431,0.00016537202464,0.0,1.0,0.0,1.0,0.15,0.000112455789349,0.000624062125493,2.73479070501e-08,0.0,1.26463044481e-08,247,322,89,7
432,0.00338059535716,0.0,2.0,0.0,1.0,0.15,0.00010117040074,0.000623108246855,5.88493890064e-06,0.0,1.0235449821e-08,461,247,89,7
433,0.000146183636389,0.0,1.0,0.0,1.0,0.15,0.000113652014988,0.00061817420844,2.13696562668e-08,0.0,1.29167805341e-08,97,136,90,7
434,0.00301611673785,0.0,3.0,0.0,1.0,0.15,9.94836227619e-05,0.000616465477372,4.01525900884e-06,0.0,9.89699078247e-09,23,11,90,7
435,0.00225048576249,0.0,2.0,0.0,1.0,0.15,9.79347387329e-05,0.000614091756538,3.72849332563e-06,0.0,9.59121315702e-09,18,140,90,7
436,0.0121377344185,0.0,6.0,0.0,1.0,0.15,0.000113533322292,0.000608464764559,2.94331274517e-05,0.0,1.28898154372e-08,197,88,90,7
437,0.00610529317054,0.0,3.0,0.0,1.0,0.15,9.93588400888e-05,0.000584644056195,1.24957025491e-05,0.0,9.87217951831e-09,171,129,90,7
438,5.95560959482e-05,0.0,1.0,0.0,1.0,0.15,0.000135234324262,0.000584504585309,3.54692852866e-09,0.0,1.82883219679e-08,41,191,91,7
439,0.00763609264686,0.0,7.0,0.0,1.0,0.15,9.85324513749e-05,0.000565473431683,1.53194982104e-05,0.0,9.70864366678e-09,291,464,91,7
440,0.00339648735826,0.0,2.0,0.0,1.0,0.15,9.16028802749e-05,0.000564518653043,1.09062147598e-05,0.0,8.39108782458e-09,177,218,91,7
441,0.0029719468148,0.012757640332,2.0,1.0,1.0,0.204736087827,0.000135735332151,0.000563937810329,6.46771255219e-06,0.000162757380167,1.84240800394e-08,391,264,91,7
442,0.00628311373294,0.0,5.0,0.0,1.0,0.15,9.53751223278e-05,0.000559654027925,1.01167719366e-05,0.0,9.09641428848e-09,157,18,91,7
443,0.000603101390879,0.00368037796579,2.0,1.0,1.0,0.215836487611,0.000126272381749,0.000554679163964,2.21478822838e-07,1.35451819006e-05,1.59447139936e-08,213,211,92,7
444,0.00549308187329,0.000329497997882,4.0,1.0,1.0,0.142216972643,8.38905689307e-05,0.000517584371572,1.03411998325e-05,1.08568933399e-07,7.03762736975e-09,50,21,92,7
445,0.0264469827234,0.011316690594,19.0,1.0,1.0,0.129027273174,0.000119672775327,0.000512684176745,5.24696080419e-05,0.00012806749146,1.43215732606e-08,390,35,92,7
446,0.00236091740953,0.0,3.0,0.0,1.0,0.15,8.10496494523e-05,0.000508536539627,3.67312959426e-06,0.0,6.5690457518e-09,116,44,92,7
447,0.0,0.000812957528979,0.0,1.0,1.0,0.25,0.000132060362375,0.00049899512822,0.0,6.60899956983e-07,1.74399392705e-08,9,454,92,7
448,0.00175709754694,0.0,1.0,0.0,1.0,0.15,7.5013616879e-05,0.000475186423137,3.08739186039e-06,0.0,5.62704283169e-09,144,57,93,8
449,0.0,0.0,0.0,0.0,1.0,0.0,4.79760558392e-07,0.000447500699643,0.0,0.0,2.30170185212e-13,356,216,93,8
450,0.00057848625147,0.0413792692125,2.0,1.0,1.0,0.24656183608,0.000135509471875,0.000422382604267,3.14611383334e-07,0.0017122438876,1.83628170447e-08,289,434,93,8
451,0.00246525648981,0.0,1.0,0.0,1.0,0.15,6.72723035677e-05,0.000422136591456,6.07748961556e-06,0.0,4.52556303543e-09,96,145,93,8
452,0.00641692825594,0.0,3.0,0.0,1.0,0.15,7.07896615495e-05,0.00041493471469,1.40887648286e-05,0.0,5.01117636276e-09,375,335,93,8
453,0.0,0.0050243944861,0.0,1.0,1.0,0.25,0.000107267915155,0.000410004884341,0.0,2.52445406659e-05,1.15064056061e-08,413,368,94,9
454,0.0,0.0941761508584,0.0,1.0,1.0,0.25,0.000159361661645,0.000402449278772,0.0,0.00886914692819,2.53961385255e-08,26,369,94,9
455,0.0,0.0,0.0,0.0,1.0,0.0,3.99862159384e-07,0.000376868036626,0.0,0.0,1.59889747384e-13,378,410,94,9
456,0.000188892881852,0.0,1.0,0.0,1.0,0.15,6.16641918896e-05,0.000371902220504,3.56805216484e-08,0.0,3.80247255904e-09,295,297,94,9
457,0.0,0.0,0.0,0.0,1.0,0.0,3.93799979292e-07,0.000371453214845,0.0,0.0,1.55078424061e-13,113,292,95,8
458,6.73035683576e-05,0.0,1.0,0.0,1.0,0.15,6.61821832182e-05,0.000346294602452,4.5297703366e-09,0.0,4.38008118664e-09,74,479,95,8
459,0.00893883616664,0.0,5.0,0.0,1.0,0.15,5.94951634412e-05,0.000334906729326,1.79260797495e-05,0.0,3.53967455347e-09,123,56,95,8
460,0.00192793738097,0.0,1.0,0.0,1.0,0.15,5.1273018471e-05,0.000325301630363,3.71694250134e-06,0.0,2.62892241309e-09,328,226,95,8
461,0.00390150991734,0.0,2.0,0.0,1.0,0.15,4.83314179291e-05,0.000296320873909,8.04855108072e-06,0.0,2.33592589716e-09,167,349,95,8
462,0.0,0.0,0.0,0.0,1.0,0.0,2.73977519782e-07,0.000262710411529,0.0,0.0,7.50636803149e-14,466,131,96,9
463,0.00149266805965,0.0,1.0,0.0,1.0,0.15,3.29909016727e-05,0.000211486272893,2.22805783778e-06,0.0,1.08839959267e-09,86,133,96,9
464,0.00367178022861,0.0195212736726,2.0,1.0,1.0,0.211757297801,4.83176154376e-05,0.000185136408175,6.74366538079e-06,0.000308420567308,2.33459185317e-09,206,428,96,9
465,0.00220156298019,0.00644562067464,1.0,1.0,1.0,0.190223271178,3.74657320208e-05,0.000176715233464,4.84687961944e-06,4.15460272052e-05,1.40368106027e-09,219,20,96,9
466,0.0043014488183,0.0,3.0,0.0,1.0,0.15,2.79438208963e-05,0.000170350663716,6.45287843782e-06,0.0,7.80857101201e-10,127,333,96,9
467,0.068194878153,0.0,38.0,0.0,1.0,0.15,4.99527413922e-05,0.000165844773146,0.000139456910097,0.0,2.49527642993e-09,288,12,97,10
468,0.00499605326331,0.0,5.0,0.0,1.0,0.15,2.32602851611e-05,0.00014007743626,7.68831446419e-06,0.0,5.41040878765e-10,180,184,97,10
469,0.000200300695724,0.0,1.0,0.0,1.0,0.15,9.30813166633e-06,6.08519814582e-05,4.01203692491e-08,0.0,8.66413121803e-11,238,272,97,10
470,0.00688291357074,0.0489274561405,6.0,1.0,1.0,0.219947627474,1.96174787561e-05,6.07712944861e-05,1.18878702882e-05,0.00239389599301,3.84845461054e-10,226,151,97,10
471,0.00146402325481,0.0,1.0,0.0,1.0,0.15,4.8349888857e-06,3.11998671278e-05,2.14336409954e-06,0.0,2.33771179498e-11,373,343,97,10
472,0.00459120213054,0.0,2.0,0.0,1.0,0.15,3.88862554246e-06,2.36194510739e-05,1.12809414077e-05,0.0,1.5121409333e-11,396,161,98,11
473,0.0,0.0165883041918,0.0,1.0,1.0,0.25,4.62865500594e-06,1.64574493744e-05,0.0,0.000275171827525,2.14244472857e-11,267,39,98,11
474,0.00545339689415,0.0,4.0,0.0,1.0,0.15,6.33238073533e-07,3.78734218927e-06,1.03867080323e-05,0.0,4.00990465875e-13,332,258,98,11
475,0.00608706159982,0.0,5.0,0.0,1.0,0.15,4.52549954844e-07,2.67652970179e-06,8.87029554519e-06,0.0,2.04801467126e-13,299,163,98,11
476,0.00174520781729,0.0,1.0,0.0,1.0,0.15,3.93165322521e-07,2.52482230205e-06,3.0457504181e-06,0.0,1.54578972777e-13,305,442,98,11
477,0.0071044475626,0.0,8.0,0.0,1.0,0.15,4.32066400435e-07,2.51110134913e-06,1.07586064821e-05,0.0,1.866813724e-13,437,230,99,12
478,0.0193827086623,0.0,11.0,0.0,1.0,0.15,3.25560080228e-07,1.59078617289e-06,4.1664946572e-05,0.0,1.05989368215e-13,272,80,99,12
479,0.00395832622235,0.0,4.0,0.0,1.0,0.15,5.50129790611e-08,3.38206068521e-07,7.49907149167e-06,0.0,3.02642796823e-15,333,200,99,12
480,0.00119023444131,0.0,1.0,0.0,1.0,0.15,3.66543453367e-08,2.38143114135e-07,1.41665805131e-06,0.0,1.3435410028e-15,66,364,99,12
481,0.00437249027891,0.0,3.0,0.0,1.0,0.15,2.47297666789e-08,1.50858316793e-07,1.00893571044e-05,0.0,6.11561334868e-16,95,402,99,12
